album_order,sticker_code,collection_group,section,subset,country_code,country_name,sticker_number,sticker_title,player_name,sticker_type,variant,region,album_required,track_in_mvp,is_foil,source,source_url,notes
1,00,main_album,fifa_world_cup_foil,main_checklist,,,,Panini Logo,,brand_logo,standard,global,TRUE,TRUE,True,Checklist Insider,https://www.checklistinsider.com/2026-panini-fifa-world-cup-sticker,Main album row based on Checklist Insider structure.
2,FWC1,main_album,fifa_world_cup_foil,main_checklist,FWC,,1,Official Emblem,,official_emblem,standard,global,TRUE,TRUE,True,Checklist Insider,https://www.checklistinsider.com/2026-panini-fifa-world-cup-sticker,Main album row based on Checklist Insider structure.
3,FWC2,main_album,fifa_world_cup_foil,main_checklist,FWC,,2,Official Emblem,,official_emblem,standard,global,TRUE,TRUE,True,Checklist Insider,https://www.checklistinsider.com/2026-panini-fifa-world-cup-sticker,Main album row based on Checklist Insider structure.
4,FWC3,main_album,fifa_world_cup_foil,main_checklist,FWC,,3,Official Mascots,,official_mascots,standard,global,TRUE,TRUE,True,Checklist Insider,https://www.checklistinsider.com/2026-panini-fifa-world-cup-sticker,Main album row based on Checklist Insider structure.
5,FWC4,main_album,fifa_world_cup_foil,main_checklist,FWC,,4,Official Slogan,,official_slogan,standard,global,TRUE,TRUE,True,Checklist Insider,https://www.checklistinsider.com/2026-panini-fifa-world-cup-sticker,Main album row based on Checklist Insider structure.
6,FWC5,main_album,fifa_world_cup_foil,main_checklist,FWC,,5,Official Ball,,official_ball,standard,global,TRUE,TRUE,True,Checklist Insider,https://www.checklistinsider.com/2026-panini-fifa-world-cup-sticker,Main album row based on Checklist Insider structure.
7,FWC6,main_album,fifa_world_cup_foil,main_checklist,FWC,,6,Canada - Host Countries & Cities,,host_country_city,standard,global,TRUE,TRUE,True,Checklist Insider,https://www.checklistinsider.com/2026-panini-fifa-world-cup-sticker,Main album row based on Checklist Insider structure.
8,FWC7,main_album,fifa_world_cup_foil,main_checklist,FWC,,7,Mexico - Host Countries & Cities,,host_country_city,standard,global,TRUE,TRUE,True,Checklist Insider,https://www.checklistinsider.com/2026-panini-fifa-world-cup-sticker,Main album row based on Checklist Insider structure.
9,FWC8,main_album,fifa_world_cup_foil,main_checklist,FWC,,8,USA - Host Countries & Cities,,host_country_city,standard,global,TRUE,TRUE,True,Checklist Insider,https://www.checklistinsider.com/2026-panini-fifa-world-cup-sticker,Main album row based on Checklist Insider structure.
10,MEX1,main_album,team,main_checklist,MEX,Mexico,1,Team Logo,,team_logo,standard,global,TRUE,TRUE,True,Checklist Insider,https://www.checklistinsider.com/2026-panini-fifa-world-cup-sticker,Player names are not populated in this structural MVP CSV.
11,MEX2,main_album,team,main_checklist,MEX,Mexico,2,Player sticker,Player sticker,player,standard,global,TRUE,TRUE,False,Checklist Insider,https://www.checklistinsider.com/2026-panini-fifa-world-cup-sticker,Player names are not populated in this structural MVP CSV.
12,MEX3,main_album,team,main_checklist,MEX,Mexico,3,Player sticker,Player sticker,player,standard,global,TRUE,TRUE,False,Checklist Insider,https://www.checklistinsider.com/2026-panini-fifa-world-cup-sticker,Player names are not populated in this structural MVP CSV.
13,MEX4,main_album,team,main_checklist,MEX,Mexico,4,Player sticker,Player sticker,player,standard,global,TRUE,TRUE,False,Checklist Insider,https://www.checklistinsider.com/2026-panini-fifa-world-cup-sticker,Player names are not populated in this structural MVP CSV.
14,MEX5,main_album,team,main_checklist,MEX,Mexico,5,Player sticker,Player sticker,player,standard,global,TRUE,TRUE,False,Checklist Insider,https://www.checklistinsider.com/2026-panini-fifa-world-cup-sticker,Player names are not populated in this structural MVP CSV.
15,MEX6,main_album,team,main_checklist,MEX,Mexico,6,Player sticker,Player sticker,player,standard,global,TRUE,TRUE,False,Checklist Insider,https://www.checklistinsider.com/2026-panini-fifa-world-cup-sticker,Player names are not populated in this structural MVP CSV.
16,MEX7,main_album,team,main_checklist,MEX,Mexico,7,Player sticker,Player sticker,player,standard,global,TRUE,TRUE,False,Checklist Insider,https://www.checklistinsider.com/2026-panini-fifa-world-cup-sticker,Player names are not populated in this structural MVP CSV.
17,MEX8,main_album,team,main_checklist,MEX,Mexico,8,Player sticker,Player sticker,player,standard,global,TRUE,TRUE,False,Checklist Insider,https://www.checklistinsider.com/2026-panini-fifa-world-cup-sticker,Player names are not populated in this structural MVP CSV.
18,MEX9,main_album,team,main_checklist,MEX,Mexico,9,Player sticker,Player sticker,player,standard,global,TRUE,TRUE,False,Checklist Insider,https://www.checklistinsider.com/2026-panini-fifa-world-cup-sticker,Player names are not populated in this structural MVP CSV.
19,MEX10,main_album,team,main_checklist,MEX,Mexico,10,Player sticker,Player sticker,player,standard,global,TRUE,TRUE,False,Checklist Insider,https://www.checklistinsider.com/2026-panini-fifa-world-cup-sticker,Player names are not populated in this structural MVP CSV.
20,MEX11,main_album,team,main_checklist,MEX,Mexico,11,Player sticker,Player sticker,player,standard,global,TRUE,TRUE,False,Checklist Insider,https://www.checklistinsider.com/2026-panini-fifa-world-cup-sticker,Player names are not populated in this structural MVP CSV.
21,MEX12,main_album,team,main_checklist,MEX,Mexico,12,Player sticker,Player sticker,player,standard,global,TRUE,TRUE,False,Checklist Insider,https://www.checklistinsider.com/2026-panini-fifa-world-cup-sticker,Player names are not populated in this structural MVP CSV.
22,MEX13,main_album,team,main_checklist,MEX,Mexico,13,Team Photo,,team_photo,standard,global,TRUE,TRUE,False,Checklist Insider,https://www.checklistinsider.com/2026-panini-fifa-world-cup-sticker,Player names are not populated in this structural MVP CSV.
23,MEX14,main_album,team,main_checklist,MEX,Mexico,14,Player sticker,Player sticker,player,standard,global,TRUE,TRUE,False,Checklist Insider,https://www.checklistinsider.com/2026-panini-fifa-world-cup-sticker,Player names are not populated in this structural MVP CSV.
24,MEX15,main_album,team,main_checklist,MEX,Mexico,15,Player sticker,Player sticker,player,standard,global,TRUE,TRUE,False,Checklist Insider,https://www.checklistinsider.com/2026-panini-fifa-world-cup-sticker,Player names are not populated in this structural MVP CSV.
25,MEX16,main_album,team,main_checklist,MEX,Mexico,16,Player sticker,Player sticker,player,standard,global,TRUE,TRUE,False,Checklist Insider,https://www.checklistinsider.com/2026-panini-fifa-world-cup-sticker,Player names are not populated in this structural MVP CSV.
26,MEX17,main_album,team,main_checklist,MEX,Mexico,17,Player sticker,Player sticker,player,standard,global,TRUE,TRUE,False,Checklist Insider,https://www.checklistinsider.com/2026-panini-fifa-world-cup-sticker,Player names are not populated in this structural MVP CSV.
27,MEX18,main_album,team,main_checklist,MEX,Mexico,18,Player sticker,Player sticker,player,standard,global,TRUE,TRUE,False,Checklist Insider,https://www.checklistinsider.com/2026-panini-fifa-world-cup-sticker,Player names are not populated in this structural MVP CSV.
28,MEX19,main_album,team,main_checklist,MEX,Mexico,19,Player sticker,Player sticker,player,standard,global,TRUE,TRUE,False,Checklist Insider,https://www.checklistinsider.com/2026-panini-fifa-world-cup-sticker,Player names are not populated in this structural MVP CSV.
29,MEX20,main_album,team,main_checklist,MEX,Mexico,20,Player sticker,Player sticker,player,standard,global,TRUE,TRUE,False,Checklist Insider,https://www.checklistinsider.com/2026-panini-fifa-world-cup-sticker,Player names are not populated in this structural MVP CSV.
30,RSA1,main_album,team,main_checklist,RSA,South Africa,1,Team Logo,,team_logo,standard,global,TRUE,TRUE,True,Checklist Insider,https://www.checklistinsider.com/2026-panini-fifa-world-cup-sticker,Player names are not populated in this structural MVP CSV.
31,RSA2,main_album,team,main_checklist,RSA,South Africa,2,Player sticker,Player sticker,player,standard,global,TRUE,TRUE,False,Checklist Insider,https://www.checklistinsider.com/2026-panini-fifa-world-cup-sticker,Player names are not populated in this structural MVP CSV.
32,RSA3,main_album,team,main_checklist,RSA,South Africa,3,Player sticker,Player sticker,player,standard,global,TRUE,TRUE,False,Checklist Insider,https://www.checklistinsider.com/2026-panini-fifa-world-cup-sticker,Player names are not populated in this structural MVP CSV.
33,RSA4,main_album,team,main_checklist,RSA,South Africa,4,Player sticker,Player sticker,player,standard,global,TRUE,TRUE,False,Checklist Insider,https://www.checklistinsider.com/2026-panini-fifa-world-cup-sticker,Player names are not populated in this structural MVP CSV.
34,RSA5,main_album,team,main_checklist,RSA,South Africa,5,Player sticker,Player sticker,player,standard,global,TRUE,TRUE,False,Checklist Insider,https://www.checklistinsider.com/2026-panini-fifa-world-cup-sticker,Player names are not populated in this structural MVP CSV.
35,RSA6,main_album,team,main_checklist,RSA,South Africa,6,Player sticker,Player sticker,player,standard,global,TRUE,TRUE,False,Checklist Insider,https://www.checklistinsider.com/2026-panini-fifa-world-cup-sticker,Player names are not populated in this structural MVP CSV.
36,RSA7,main_album,team,main_checklist,RSA,South Africa,7,Player sticker,Player sticker,player,standard,global,TRUE,TRUE,False,Checklist Insider,https://www.checklistinsider.com/2026-panini-fifa-world-cup-sticker,Player names are not populated in this structural MVP CSV.
37,RSA8,main_album,team,main_checklist,RSA,South Africa,8,Player sticker,Player sticker,player,standard,global,TRUE,TRUE,False,Checklist Insider,https://www.checklistinsider.com/2026-panini-fifa-world-cup-sticker,Player names are not populated in this structural MVP CSV.
38,RSA9,main_album,team,main_checklist,RSA,South Africa,9,Player sticker,Player sticker,player,standard,global,TRUE,TRUE,False,Checklist Insider,https://www.checklistinsider.com/2026-panini-fifa-world-cup-sticker,Player names are not populated in this structural MVP CSV.
39,RSA10,main_album,team,main_checklist,RSA,South Africa,10,Player sticker,Player sticker,player,standard,global,TRUE,TRUE,False,Checklist Insider,https://www.checklistinsider.com/2026-panini-fifa-world-cup-sticker,Player names are not populated in this structural MVP CSV.
40,RSA11,main_album,team,main_checklist,RSA,South Africa,11,Player sticker,Player sticker,player,standard,global,TRUE,TRUE,False,Checklist Insider,https://www.checklistinsider.com/2026-panini-fifa-world-cup-sticker,Player names are not populated in this structural MVP CSV.
41,RSA12,main_album,team,main_checklist,RSA,South Africa,12,Player sticker,Player sticker,player,standard,global,TRUE,TRUE,False,Checklist Insider,https://www.checklistinsider.com/2026-panini-fifa-world-cup-sticker,Player names are not populated in this structural MVP CSV.
42,RSA13,main_album,team,main_checklist,RSA,South Africa,13,Team Photo,,team_photo,standard,global,TRUE,TRUE,False,Checklist Insider,https://www.checklistinsider.com/2026-panini-fifa-world-cup-sticker,Player names are not populated in this structural MVP CSV.
43,RSA14,main_album,team,main_checklist,RSA,South Africa,14,Player sticker,Player sticker,player,standard,global,TRUE,TRUE,False,Checklist Insider,https://www.checklistinsider.com/2026-panini-fifa-world-cup-sticker,Player names are not populated in this structural MVP CSV.
44,RSA15,main_album,team,main_checklist,RSA,South Africa,15,Player sticker,Player sticker,player,standard,global,TRUE,TRUE,False,Checklist Insider,https://www.checklistinsider.com/2026-panini-fifa-world-cup-sticker,Player names are not populated in this structural MVP CSV.
45,RSA16,main_album,team,main_checklist,RSA,South Africa,16,Player sticker,Player sticker,player,standard,global,TRUE,TRUE,False,Checklist Insider,https://www.checklistinsider.com/2026-panini-fifa-world-cup-sticker,Player names are not populated in this structural MVP CSV.
46,RSA17,main_album,team,main_checklist,RSA,South Africa,17,Player sticker,Player sticker,player,standard,global,TRUE,TRUE,False,Checklist Insider,https://www.checklistinsider.com/2026-panini-fifa-world-cup-sticker,Player names are not populated in this structural MVP CSV.
47,RSA18,main_album,team,main_checklist,RSA,South Africa,18,Player sticker,Player sticker,player,standard,global,TRUE,TRUE,False,Checklist Insider,https://www.checklistinsider.com/2026-panini-fifa-world-cup-sticker,Player names are not populated in this structural MVP CSV.
48,RSA19,main_album,team,main_checklist,RSA,South Africa,19,Player sticker,Player sticker,player,standard,global,TRUE,TRUE,False,Checklist Insider,https://www.checklistinsider.com/2026-panini-fifa-world-cup-sticker,Player names are not populated in this structural MVP CSV.
49,RSA20,main_album,team,main_checklist,RSA,South Africa,20,Player sticker,Player sticker,player,standard,global,TRUE,TRUE,False,Checklist Insider,https://www.checklistinsider.com/2026-panini-fifa-world-cup-sticker,Player names are not populated in this structural MVP CSV.
50,KOR1,main_album,team,main_checklist,KOR,South Korea,1,Team Logo,,team_logo,standard,global,TRUE,TRUE,True,Checklist Insider,https://www.checklistinsider.com/2026-panini-fifa-world-cup-sticker,Player names are not populated in this structural MVP CSV.
51,KOR2,main_album,team,main_checklist,KOR,South Korea,2,Player sticker,Player sticker,player,standard,global,TRUE,TRUE,False,Checklist Insider,https://www.checklistinsider.com/2026-panini-fifa-world-cup-sticker,Player names are not populated in this structural MVP CSV.
52,KOR3,main_album,team,main_checklist,KOR,South Korea,3,Player sticker,Player sticker,player,standard,global,TRUE,TRUE,False,Checklist Insider,https://www.checklistinsider.com/2026-panini-fifa-world-cup-sticker,Player names are not populated in this structural MVP CSV.
53,KOR4,main_album,team,main_checklist,KOR,South Korea,4,Player sticker,Player sticker,player,standard,global,TRUE,TRUE,False,Checklist Insider,https://www.checklistinsider.com/2026-panini-fifa-world-cup-sticker,Player names are not populated in this structural MVP CSV.
54,KOR5,main_album,team,main_checklist,KOR,South Korea,5,Player sticker,Player sticker,player,standard,global,TRUE,TRUE,False,Checklist Insider,https://www.checklistinsider.com/2026-panini-fifa-world-cup-sticker,Player names are not populated in this structural MVP CSV.
55,KOR6,main_album,team,main_checklist,KOR,South Korea,6,Player sticker,Player sticker,player,standard,global,TRUE,TRUE,False,Checklist Insider,https://www.checklistinsider.com/2026-panini-fifa-world-cup-sticker,Player names are not populated in this structural MVP CSV.
56,KOR7,main_album,team,main_checklist,KOR,South Korea,7,Player sticker,Player sticker,player,standard,global,TRUE,TRUE,False,Checklist Insider,https://www.checklistinsider.com/2026-panini-fifa-world-cup-sticker,Player names are not populated in this structural MVP CSV.
57,KOR8,main_album,team,main_checklist,KOR,South Korea,8,Player sticker,Player sticker,player,standard,global,TRUE,TRUE,False,Checklist Insider,https://www.checklistinsider.com/2026-panini-fifa-world-cup-sticker,Player names are not populated in this structural MVP CSV.
58,KOR9,main_album,team,main_checklist,KOR,South Korea,9,Player sticker,Player sticker,player,standard,global,TRUE,TRUE,False,Checklist Insider,https://www.checklistinsider.com/2026-panini-fifa-world-cup-sticker,Player names are not populated in this structural MVP CSV.
59,KOR10,main_album,team,main_checklist,KOR,South Korea,10,Player sticker,Player sticker,player,standard,global,TRUE,TRUE,False,Checklist Insider,https://www.checklistinsider.com/2026-panini-fifa-world-cup-sticker,Player names are not populated in this structural MVP CSV.
60,KOR11,main_album,team,main_checklist,KOR,South Korea,11,Player sticker,Player sticker,player,standard,global,TRUE,TRUE,False,Checklist Insider,https://www.checklistinsider.com/2026-panini-fifa-world-cup-sticker,Player names are not populated in this structural MVP CSV.
61,KOR12,main_album,team,main_checklist,KOR,South Korea,12,Player sticker,Player sticker,player,standard,global,TRUE,TRUE,False,Checklist Insider,https://www.checklistinsider.com/2026-panini-fifa-world-cup-sticker,Player names are not populated in this structural MVP CSV.
62,KOR13,main_album,team,main_checklist,KOR,South Korea,13,Team Photo,,team_photo,standard,global,TRUE,TRUE,False,Checklist Insider,https://www.checklistinsider.com/2026-panini-fifa-world-cup-sticker,Player names are not populated in this structural MVP CSV.
63,KOR14,main_album,team,main_checklist,KOR,South Korea,14,Player sticker,Player sticker,player,standard,global,TRUE,TRUE,False,Checklist Insider,https://www.checklistinsider.com/2026-panini-fifa-world-cup-sticker,Player names are not populated in this structural MVP CSV.
64,KOR15,main_album,team,main_checklist,KOR,South Korea,15,Player sticker,Player sticker,player,standard,global,TRUE,TRUE,False,Checklist Insider,https://www.checklistinsider.com/2026-panini-fifa-world-cup-sticker,Player names are not populated in this structural MVP CSV.
65,KOR16,main_album,team,main_checklist,KOR,South Korea,16,Player sticker,Player sticker,player,standard,global,TRUE,TRUE,False,Checklist Insider,https://www.checklistinsider.com/2026-panini-fifa-world-cup-sticker,Player names are not populated in this structural MVP CSV.
66,KOR17,main_album,team,main_checklist,KOR,South Korea,17,Player sticker,Player sticker,player,standard,global,TRUE,TRUE,False,Checklist Insider,https://www.checklistinsider.com/2026-panini-fifa-world-cup-sticker,Player names are not populated in this structural MVP CSV.
67,KOR18,main_album,team,main_checklist,KOR,South Korea,18,Player sticker,Player sticker,player,standard,global,TRUE,TRUE,False,Checklist Insider,https://www.checklistinsider.com/2026-panini-fifa-world-cup-sticker,Player names are not populated in this structural MVP CSV.
68,KOR19,main_album,team,main_checklist,KOR,South Korea,19,Player sticker,Player sticker,player,standard,global,TRUE,TRUE,False,Checklist Insider,https://www.checklistinsider.com/2026-panini-fifa-world-cup-sticker,Player names are not populated in this structural MVP CSV.
69,KOR20,main_album,team,main_checklist,KOR,South Korea,20,Player sticker,Player sticker,player,standard,global,TRUE,TRUE,False,Checklist Insider,https://www.checklistinsider.com/2026-panini-fifa-world-cup-sticker,Player names are not populated in this structural MVP CSV.
70,CZE1,main_album,team,main_checklist,CZE,Czechia,1,Team Logo,,team_logo,standard,global,TRUE,TRUE,True,Checklist Insider,https://www.checklistinsider.com/2026-panini-fifa-world-cup-sticker,Player names are not populated in this structural MVP CSV.
71,CZE2,main_album,team,main_checklist,CZE,Czechia,2,Player sticker,Player sticker,player,standard,global,TRUE,TRUE,False,Checklist Insider,https://www.checklistinsider.com/2026-panini-fifa-world-cup-sticker,Player names are not populated in this structural MVP CSV.
72,CZE3,main_album,team,main_checklist,CZE,Czechia,3,Player sticker,Player sticker,player,standard,global,TRUE,TRUE,False,Checklist Insider,https://www.checklistinsider.com/2026-panini-fifa-world-cup-sticker,Player names are not populated in this structural MVP CSV.
73,CZE4,main_album,team,main_checklist,CZE,Czechia,4,Player sticker,Player sticker,player,standard,global,TRUE,TRUE,False,Checklist Insider,https://www.checklistinsider.com/2026-panini-fifa-world-cup-sticker,Player names are not populated in this structural MVP CSV.
74,CZE5,main_album,team,main_checklist,CZE,Czechia,5,Player sticker,Player sticker,player,standard,global,TRUE,TRUE,False,Checklist Insider,https://www.checklistinsider.com/2026-panini-fifa-world-cup-sticker,Player names are not populated in this structural MVP CSV.
75,CZE6,main_album,team,main_checklist,CZE,Czechia,6,Player sticker,Player sticker,player,standard,global,TRUE,TRUE,False,Checklist Insider,https://www.checklistinsider.com/2026-panini-fifa-world-cup-sticker,Player names are not populated in this structural MVP CSV.
76,CZE7,main_album,team,main_checklist,CZE,Czechia,7,Player sticker,Player sticker,player,standard,global,TRUE,TRUE,False,Checklist Insider,https://www.checklistinsider.com/2026-panini-fifa-world-cup-sticker,Player names are not populated in this structural MVP CSV.
77,CZE8,main_album,team,main_checklist,CZE,Czechia,8,Player sticker,Player sticker,player,standard,global,TRUE,TRUE,False,Checklist Insider,https://www.checklistinsider.com/2026-panini-fifa-world-cup-sticker,Player names are not populated in this structural MVP CSV.
78,CZE9,main_album,team,main_checklist,CZE,Czechia,9,Player sticker,Player sticker,player,standard,global,TRUE,TRUE,False,Checklist Insider,https://www.checklistinsider.com/2026-panini-fifa-world-cup-sticker,Player names are not populated in this structural MVP CSV.
79,CZE10,main_album,team,main_checklist,CZE,Czechia,10,Player sticker,Player sticker,player,standard,global,TRUE,TRUE,False,Checklist Insider,https://www.checklistinsider.com/2026-panini-fifa-world-cup-sticker,Player names are not populated in this structural MVP CSV.
80,CZE11,main_album,team,main_checklist,CZE,Czechia,11,Player sticker,Player sticker,player,standard,global,TRUE,TRUE,False,Checklist Insider,https://www.checklistinsider.com/2026-panini-fifa-world-cup-sticker,Player names are not populated in this structural MVP CSV.
81,CZE12,main_album,team,main_checklist,CZE,Czechia,12,Player sticker,Player sticker,player,standard,global,TRUE,TRUE,False,Checklist Insider,https://www.checklistinsider.com/2026-panini-fifa-world-cup-sticker,Player names are not populated in this structural MVP CSV.
82,CZE13,main_album,team,main_checklist,CZE,Czechia,13,Team Photo,,team_photo,standard,global,TRUE,TRUE,False,Checklist Insider,https://www.checklistinsider.com/2026-panini-fifa-world-cup-sticker,Player names are not populated in this structural MVP CSV.
83,CZE14,main_album,team,main_checklist,CZE,Czechia,14,Player sticker,Player sticker,player,standard,global,TRUE,TRUE,False,Checklist Insider,https://www.checklistinsider.com/2026-panini-fifa-world-cup-sticker,Player names are not populated in this structural MVP CSV.
84,CZE15,main_album,team,main_checklist,CZE,Czechia,15,Player sticker,Player sticker,player,standard,global,TRUE,TRUE,False,Checklist Insider,https://www.checklistinsider.com/2026-panini-fifa-world-cup-sticker,Player names are not populated in this structural MVP CSV.
85,CZE16,main_album,team,main_checklist,CZE,Czechia,16,Player sticker,Player sticker,player,standard,global,TRUE,TRUE,False,Checklist Insider,https://www.checklistinsider.com/2026-panini-fifa-world-cup-sticker,Player names are not populated in this structural MVP CSV.
86,CZE17,main_album,team,main_checklist,CZE,Czechia,17,Player sticker,Player sticker,player,standard,global,TRUE,TRUE,False,Checklist Insider,https://www.checklistinsider.com/2026-panini-fifa-world-cup-sticker,Player names are not populated in this structural MVP CSV.
87,CZE18,main_album,team,main_checklist,CZE,Czechia,18,Player sticker,Player sticker,player,standard,global,TRUE,TRUE,False,Checklist Insider,https://www.checklistinsider.com/2026-panini-fifa-world-cup-sticker,Player names are not populated in this structural MVP CSV.
88,CZE19,main_album,team,main_checklist,CZE,Czechia,19,Player sticker,Player sticker,player,standard,global,TRUE,TRUE,False,Checklist Insider,https://www.checklistinsider.com/2026-panini-fifa-world-cup-sticker,Player names are not populated in this structural MVP CSV.
89,CZE20,main_album,team,main_checklist,CZE,Czechia,20,Player sticker,Player sticker,player,standard,global,TRUE,TRUE,False,Checklist Insider,https://www.checklistinsider.com/2026-panini-fifa-world-cup-sticker,Player names are not populated in this structural MVP CSV.
90,CAN1,main_album,team,main_checklist,CAN,Canada,1,Team Logo,,team_logo,standard,global,TRUE,TRUE,True,Checklist Insider,https://www.checklistinsider.com/2026-panini-fifa-world-cup-sticker,Player names are not populated in this structural MVP CSV.
91,CAN2,main_album,team,main_checklist,CAN,Canada,2,Player sticker,Player sticker,player,standard,global,TRUE,TRUE,False,Checklist Insider,https://www.checklistinsider.com/2026-panini-fifa-world-cup-sticker,Player names are not populated in this structural MVP CSV.
92,CAN3,main_album,team,main_checklist,CAN,Canada,3,Player sticker,Player sticker,player,standard,global,TRUE,TRUE,False,Checklist Insider,https://www.checklistinsider.com/2026-panini-fifa-world-cup-sticker,Player names are not populated in this structural MVP CSV.
93,CAN4,main_album,team,main_checklist,CAN,Canada,4,Player sticker,Player sticker,player,standard,global,TRUE,TRUE,False,Checklist Insider,https://www.checklistinsider.com/2026-panini-fifa-world-cup-sticker,Player names are not populated in this structural MVP CSV.
94,CAN5,main_album,team,main_checklist,CAN,Canada,5,Player sticker,Player sticker,player,standard,global,TRUE,TRUE,False,Checklist Insider,https://www.checklistinsider.com/2026-panini-fifa-world-cup-sticker,Player names are not populated in this structural MVP CSV.
95,CAN6,main_album,team,main_checklist,CAN,Canada,6,Player sticker,Player sticker,player,standard,global,TRUE,TRUE,False,Checklist Insider,https://www.checklistinsider.com/2026-panini-fifa-world-cup-sticker,Player names are not populated in this structural MVP CSV.
96,CAN7,main_album,team,main_checklist,CAN,Canada,7,Player sticker,Player sticker,player,standard,global,TRUE,TRUE,False,Checklist Insider,https://www.checklistinsider.com/2026-panini-fifa-world-cup-sticker,Player names are not populated in this structural MVP CSV.
97,CAN8,main_album,team,main_checklist,CAN,Canada,8,Player sticker,Player sticker,player,standard,global,TRUE,TRUE,False,Checklist Insider,https://www.checklistinsider.com/2026-panini-fifa-world-cup-sticker,Player names are not populated in this structural MVP CSV.
98,CAN9,main_album,team,main_checklist,CAN,Canada,9,Player sticker,Player sticker,player,standard,global,TRUE,TRUE,False,Checklist Insider,https://www.checklistinsider.com/2026-panini-fifa-world-cup-sticker,Player names are not populated in this structural MVP CSV.
99,CAN10,main_album,team,main_checklist,CAN,Canada,10,Player sticker,Player sticker,player,standard,global,TRUE,TRUE,False,Checklist Insider,https://www.checklistinsider.com/2026-panini-fifa-world-cup-sticker,Player names are not populated in this structural MVP CSV.
100,CAN11,main_album,team,main_checklist,CAN,Canada,11,Player sticker,Player sticker,player,standard,global,TRUE,TRUE,False,Checklist Insider,https://www.checklistinsider.com/2026-panini-fifa-world-cup-sticker,Player names are not populated in this structural MVP CSV.
101,CAN12,main_album,team,main_checklist,CAN,Canada,12,Player sticker,Player sticker,player,standard,global,TRUE,TRUE,False,Checklist Insider,https://www.checklistinsider.com/2026-panini-fifa-world-cup-sticker,Player names are not populated in this structural MVP CSV.
102,CAN13,main_album,team,main_checklist,CAN,Canada,13,Team Photo,,team_photo,standard,global,TRUE,TRUE,False,Checklist Insider,https://www.checklistinsider.com/2026-panini-fifa-world-cup-sticker,Player names are not populated in this structural MVP CSV.
103,CAN14,main_album,team,main_checklist,CAN,Canada,14,Player sticker,Player sticker,player,standard,global,TRUE,TRUE,False,Checklist Insider,https://www.checklistinsider.com/2026-panini-fifa-world-cup-sticker,Player names are not populated in this structural MVP CSV.
104,CAN15,main_album,team,main_checklist,CAN,Canada,15,Player sticker,Player sticker,player,standard,global,TRUE,TRUE,False,Checklist Insider,https://www.checklistinsider.com/2026-panini-fifa-world-cup-sticker,Player names are not populated in this structural MVP CSV.
105,CAN16,main_album,team,main_checklist,CAN,Canada,16,Player sticker,Player sticker,player,standard,global,TRUE,TRUE,False,Checklist Insider,https://www.checklistinsider.com/2026-panini-fifa-world-cup-sticker,Player names are not populated in this structural MVP CSV.
106,CAN17,main_album,team,main_checklist,CAN,Canada,17,Player sticker,Player sticker,player,standard,global,TRUE,TRUE,False,Checklist Insider,https://www.checklistinsider.com/2026-panini-fifa-world-cup-sticker,Player names are not populated in this structural MVP CSV.
107,CAN18,main_album,team,main_checklist,CAN,Canada,18,Player sticker,Player sticker,player,standard,global,TRUE,TRUE,False,Checklist Insider,https://www.checklistinsider.com/2026-panini-fifa-world-cup-sticker,Player names are not populated in this structural MVP CSV.
108,CAN19,main_album,team,main_checklist,CAN,Canada,19,Player sticker,Player sticker,player,standard,global,TRUE,TRUE,False,Checklist Insider,https://www.checklistinsider.com/2026-panini-fifa-world-cup-sticker,Player names are not populated in this structural MVP CSV.
109,CAN20,main_album,team,main_checklist,CAN,Canada,20,Player sticker,Player sticker,player,standard,global,TRUE,TRUE,False,Checklist Insider,https://www.checklistinsider.com/2026-panini-fifa-world-cup-sticker,Player names are not populated in this structural MVP CSV.
110,BIH1,main_album,team,main_checklist,BIH,Bosnia and Herzegovina,1,Team Logo,,team_logo,standard,global,TRUE,TRUE,True,Checklist Insider,https://www.checklistinsider.com/2026-panini-fifa-world-cup-sticker,Player names are not populated in this structural MVP CSV.
111,BIH2,main_album,team,main_checklist,BIH,Bosnia and Herzegovina,2,Player sticker,Player sticker,player,standard,global,TRUE,TRUE,False,Checklist Insider,https://www.checklistinsider.com/2026-panini-fifa-world-cup-sticker,Player names are not populated in this structural MVP CSV.
112,BIH3,main_album,team,main_checklist,BIH,Bosnia and Herzegovina,3,Player sticker,Player sticker,player,standard,global,TRUE,TRUE,False,Checklist Insider,https://www.checklistinsider.com/2026-panini-fifa-world-cup-sticker,Player names are not populated in this structural MVP CSV.
113,BIH4,main_album,team,main_checklist,BIH,Bosnia and Herzegovina,4,Player sticker,Player sticker,player,standard,global,TRUE,TRUE,False,Checklist Insider,https://www.checklistinsider.com/2026-panini-fifa-world-cup-sticker,Player names are not populated in this structural MVP CSV.
114,BIH5,main_album,team,main_checklist,BIH,Bosnia and Herzegovina,5,Player sticker,Player sticker,player,standard,global,TRUE,TRUE,False,Checklist Insider,https://www.checklistinsider.com/2026-panini-fifa-world-cup-sticker,Player names are not populated in this structural MVP CSV.
115,BIH6,main_album,team,main_checklist,BIH,Bosnia and Herzegovina,6,Player sticker,Player sticker,player,standard,global,TRUE,TRUE,False,Checklist Insider,https://www.checklistinsider.com/2026-panini-fifa-world-cup-sticker,Player names are not populated in this structural MVP CSV.
116,BIH7,main_album,team,main_checklist,BIH,Bosnia and Herzegovina,7,Player sticker,Player sticker,player,standard,global,TRUE,TRUE,False,Checklist Insider,https://www.checklistinsider.com/2026-panini-fifa-world-cup-sticker,Player names are not populated in this structural MVP CSV.
117,BIH8,main_album,team,main_checklist,BIH,Bosnia and Herzegovina,8,Player sticker,Player sticker,player,standard,global,TRUE,TRUE,False,Checklist Insider,https://www.checklistinsider.com/2026-panini-fifa-world-cup-sticker,Player names are not populated in this structural MVP CSV.
118,BIH9,main_album,team,main_checklist,BIH,Bosnia and Herzegovina,9,Player sticker,Player sticker,player,standard,global,TRUE,TRUE,False,Checklist Insider,https://www.checklistinsider.com/2026-panini-fifa-world-cup-sticker,Player names are not populated in this structural MVP CSV.
119,BIH10,main_album,team,main_checklist,BIH,Bosnia and Herzegovina,10,Player sticker,Player sticker,player,standard,global,TRUE,TRUE,False,Checklist Insider,https://www.checklistinsider.com/2026-panini-fifa-world-cup-sticker,Player names are not populated in this structural MVP CSV.
120,BIH11,main_album,team,main_checklist,BIH,Bosnia and Herzegovina,11,Player sticker,Player sticker,player,standard,global,TRUE,TRUE,False,Checklist Insider,https://www.checklistinsider.com/2026-panini-fifa-world-cup-sticker,Player names are not populated in this structural MVP CSV.
121,BIH12,main_album,team,main_checklist,BIH,Bosnia and Herzegovina,12,Player sticker,Player sticker,player,standard,global,TRUE,TRUE,False,Checklist Insider,https://www.checklistinsider.com/2026-panini-fifa-world-cup-sticker,Player names are not populated in this structural MVP CSV.
122,BIH13,main_album,team,main_checklist,BIH,Bosnia and Herzegovina,13,Team Photo,,team_photo,standard,global,TRUE,TRUE,False,Checklist Insider,https://www.checklistinsider.com/2026-panini-fifa-world-cup-sticker,Player names are not populated in this structural MVP CSV.
123,BIH14,main_album,team,main_checklist,BIH,Bosnia and Herzegovina,14,Player sticker,Player sticker,player,standard,global,TRUE,TRUE,False,Checklist Insider,https://www.checklistinsider.com/2026-panini-fifa-world-cup-sticker,Player names are not populated in this structural MVP CSV.
124,BIH15,main_album,team,main_checklist,BIH,Bosnia and Herzegovina,15,Player sticker,Player sticker,player,standard,global,TRUE,TRUE,False,Checklist Insider,https://www.checklistinsider.com/2026-panini-fifa-world-cup-sticker,Player names are not populated in this structural MVP CSV.
125,BIH16,main_album,team,main_checklist,BIH,Bosnia and Herzegovina,16,Player sticker,Player sticker,player,standard,global,TRUE,TRUE,False,Checklist Insider,https://www.checklistinsider.com/2026-panini-fifa-world-cup-sticker,Player names are not populated in this structural MVP CSV.
126,BIH17,main_album,team,main_checklist,BIH,Bosnia and Herzegovina,17,Player sticker,Player sticker,player,standard,global,TRUE,TRUE,False,Checklist Insider,https://www.checklistinsider.com/2026-panini-fifa-world-cup-sticker,Player names are not populated in this structural MVP CSV.
127,BIH18,main_album,team,main_checklist,BIH,Bosnia and Herzegovina,18,Player sticker,Player sticker,player,standard,global,TRUE,TRUE,False,Checklist Insider,https://www.checklistinsider.com/2026-panini-fifa-world-cup-sticker,Player names are not populated in this structural MVP CSV.
128,BIH19,main_album,team,main_checklist,BIH,Bosnia and Herzegovina,19,Player sticker,Player sticker,player,standard,global,TRUE,TRUE,False,Checklist Insider,https://www.checklistinsider.com/2026-panini-fifa-world-cup-sticker,Player names are not populated in this structural MVP CSV.
129,BIH20,main_album,team,main_checklist,BIH,Bosnia and Herzegovina,20,Player sticker,Player sticker,player,standard,global,TRUE,TRUE,False,Checklist Insider,https://www.checklistinsider.com/2026-panini-fifa-world-cup-sticker,Player names are not populated in this structural MVP CSV.
130,QAT1,main_album,team,main_checklist,QAT,Qatar,1,Team Logo,,team_logo,standard,global,TRUE,TRUE,True,Checklist Insider,https://www.checklistinsider.com/2026-panini-fifa-world-cup-sticker,Player names are not populated in this structural MVP CSV.
131,QAT2,main_album,team,main_checklist,QAT,Qatar,2,Player sticker,Player sticker,player,standard,global,TRUE,TRUE,False,Checklist Insider,https://www.checklistinsider.com/2026-panini-fifa-world-cup-sticker,Player names are not populated in this structural MVP CSV.
132,QAT3,main_album,team,main_checklist,QAT,Qatar,3,Player sticker,Player sticker,player,standard,global,TRUE,TRUE,False,Checklist Insider,https://www.checklistinsider.com/2026-panini-fifa-world-cup-sticker,Player names are not populated in this structural MVP CSV.
133,QAT4,main_album,team,main_checklist,QAT,Qatar,4,Player sticker,Player sticker,player,standard,global,TRUE,TRUE,False,Checklist Insider,https://www.checklistinsider.com/2026-panini-fifa-world-cup-sticker,Player names are not populated in this structural MVP CSV.
134,QAT5,main_album,team,main_checklist,QAT,Qatar,5,Player sticker,Player sticker,player,standard,global,TRUE,TRUE,False,Checklist Insider,https://www.checklistinsider.com/2026-panini-fifa-world-cup-sticker,Player names are not populated in this structural MVP CSV.
135,QAT6,main_album,team,main_checklist,QAT,Qatar,6,Player sticker,Player sticker,player,standard,global,TRUE,TRUE,False,Checklist Insider,https://www.checklistinsider.com/2026-panini-fifa-world-cup-sticker,Player names are not populated in this structural MVP CSV.
136,QAT7,main_album,team,main_checklist,QAT,Qatar,7,Player sticker,Player sticker,player,standard,global,TRUE,TRUE,False,Checklist Insider,https://www.checklistinsider.com/2026-panini-fifa-world-cup-sticker,Player names are not populated in this structural MVP CSV.
137,QAT8,main_album,team,main_checklist,QAT,Qatar,8,Player sticker,Player sticker,player,standard,global,TRUE,TRUE,False,Checklist Insider,https://www.checklistinsider.com/2026-panini-fifa-world-cup-sticker,Player names are not populated in this structural MVP CSV.
138,QAT9,main_album,team,main_checklist,QAT,Qatar,9,Player sticker,Player sticker,player,standard,global,TRUE,TRUE,False,Checklist Insider,https://www.checklistinsider.com/2026-panini-fifa-world-cup-sticker,Player names are not populated in this structural MVP CSV.
139,QAT10,main_album,team,main_checklist,QAT,Qatar,10,Player sticker,Player sticker,player,standard,global,TRUE,TRUE,False,Checklist Insider,https://www.checklistinsider.com/2026-panini-fifa-world-cup-sticker,Player names are not populated in this structural MVP CSV.
140,QAT11,main_album,team,main_checklist,QAT,Qatar,11,Player sticker,Player sticker,player,standard,global,TRUE,TRUE,False,Checklist Insider,https://www.checklistinsider.com/2026-panini-fifa-world-cup-sticker,Player names are not populated in this structural MVP CSV.
141,QAT12,main_album,team,main_checklist,QAT,Qatar,12,Player sticker,Player sticker,player,standard,global,TRUE,TRUE,False,Checklist Insider,https://www.checklistinsider.com/2026-panini-fifa-world-cup-sticker,Player names are not populated in this structural MVP CSV.
142,QAT13,main_album,team,main_checklist,QAT,Qatar,13,Team Photo,,team_photo,standard,global,TRUE,TRUE,False,Checklist Insider,https://www.checklistinsider.com/2026-panini-fifa-world-cup-sticker,Player names are not populated in this structural MVP CSV.
143,QAT14,main_album,team,main_checklist,QAT,Qatar,14,Player sticker,Player sticker,player,standard,global,TRUE,TRUE,False,Checklist Insider,https://www.checklistinsider.com/2026-panini-fifa-world-cup-sticker,Player names are not populated in this structural MVP CSV.
144,QAT15,main_album,team,main_checklist,QAT,Qatar,15,Player sticker,Player sticker,player,standard,global,TRUE,TRUE,False,Checklist Insider,https://www.checklistinsider.com/2026-panini-fifa-world-cup-sticker,Player names are not populated in this structural MVP CSV.
145,QAT16,main_album,team,main_checklist,QAT,Qatar,16,Player sticker,Player sticker,player,standard,global,TRUE,TRUE,False,Checklist Insider,https://www.checklistinsider.com/2026-panini-fifa-world-cup-sticker,Player names are not populated in this structural MVP CSV.
146,QAT17,main_album,team,main_checklist,QAT,Qatar,17,Player sticker,Player sticker,player,standard,global,TRUE,TRUE,False,Checklist Insider,https://www.checklistinsider.com/2026-panini-fifa-world-cup-sticker,Player names are not populated in this structural MVP CSV.
147,QAT18,main_album,team,main_checklist,QAT,Qatar,18,Player sticker,Player sticker,player,standard,global,TRUE,TRUE,False,Checklist Insider,https://www.checklistinsider.com/2026-panini-fifa-world-cup-sticker,Player names are not populated in this structural MVP CSV.
148,QAT19,main_album,team,main_checklist,QAT,Qatar,19,Player sticker,Player sticker,player,standard,global,TRUE,TRUE,False,Checklist Insider,https://www.checklistinsider.com/2026-panini-fifa-world-cup-sticker,Player names are not populated in this structural MVP CSV.
149,QAT20,main_album,team,main_checklist,QAT,Qatar,20,Player sticker,Player sticker,player,standard,global,TRUE,TRUE,False,Checklist Insider,https://www.checklistinsider.com/2026-panini-fifa-world-cup-sticker,Player names are not populated in this structural MVP CSV.
150,SUI1,main_album,team,main_checklist,SUI,Switzerland,1,Team Logo,,team_logo,standard,global,TRUE,TRUE,True,Checklist Insider,https://www.checklistinsider.com/2026-panini-fifa-world-cup-sticker,Player names are not populated in this structural MVP CSV.
151,SUI2,main_album,team,main_checklist,SUI,Switzerland,2,Player sticker,Player sticker,player,standard,global,TRUE,TRUE,False,Checklist Insider,https://www.checklistinsider.com/2026-panini-fifa-world-cup-sticker,Player names are not populated in this structural MVP CSV.
152,SUI3,main_album,team,main_checklist,SUI,Switzerland,3,Player sticker,Player sticker,player,standard,global,TRUE,TRUE,False,Checklist Insider,https://www.checklistinsider.com/2026-panini-fifa-world-cup-sticker,Player names are not populated in this structural MVP CSV.
153,SUI4,main_album,team,main_checklist,SUI,Switzerland,4,Player sticker,Player sticker,player,standard,global,TRUE,TRUE,False,Checklist Insider,https://www.checklistinsider.com/2026-panini-fifa-world-cup-sticker,Player names are not populated in this structural MVP CSV.
154,SUI5,main_album,team,main_checklist,SUI,Switzerland,5,Player sticker,Player sticker,player,standard,global,TRUE,TRUE,False,Checklist Insider,https://www.checklistinsider.com/2026-panini-fifa-world-cup-sticker,Player names are not populated in this structural MVP CSV.
155,SUI6,main_album,team,main_checklist,SUI,Switzerland,6,Player sticker,Player sticker,player,standard,global,TRUE,TRUE,False,Checklist Insider,https://www.checklistinsider.com/2026-panini-fifa-world-cup-sticker,Player names are not populated in this structural MVP CSV.
156,SUI7,main_album,team,main_checklist,SUI,Switzerland,7,Player sticker,Player sticker,player,standard,global,TRUE,TRUE,False,Checklist Insider,https://www.checklistinsider.com/2026-panini-fifa-world-cup-sticker,Player names are not populated in this structural MVP CSV.
157,SUI8,main_album,team,main_checklist,SUI,Switzerland,8,Player sticker,Player sticker,player,standard,global,TRUE,TRUE,False,Checklist Insider,https://www.checklistinsider.com/2026-panini-fifa-world-cup-sticker,Player names are not populated in this structural MVP CSV.
158,SUI9,main_album,team,main_checklist,SUI,Switzerland,9,Player sticker,Player sticker,player,standard,global,TRUE,TRUE,False,Checklist Insider,https://www.checklistinsider.com/2026-panini-fifa-world-cup-sticker,Player names are not populated in this structural MVP CSV.
159,SUI10,main_album,team,main_checklist,SUI,Switzerland,10,Player sticker,Player sticker,player,standard,global,TRUE,TRUE,False,Checklist Insider,https://www.checklistinsider.com/2026-panini-fifa-world-cup-sticker,Player names are not populated in this structural MVP CSV.
160,SUI11,main_album,team,main_checklist,SUI,Switzerland,11,Player sticker,Player sticker,player,standard,global,TRUE,TRUE,False,Checklist Insider,https://www.checklistinsider.com/2026-panini-fifa-world-cup-sticker,Player names are not populated in this structural MVP CSV.
161,SUI12,main_album,team,main_checklist,SUI,Switzerland,12,Player sticker,Player sticker,player,standard,global,TRUE,TRUE,False,Checklist Insider,https://www.checklistinsider.com/2026-panini-fifa-world-cup-sticker,Player names are not populated in this structural MVP CSV.
162,SUI13,main_album,team,main_checklist,SUI,Switzerland,13,Team Photo,,team_photo,standard,global,TRUE,TRUE,False,Checklist Insider,https://www.checklistinsider.com/2026-panini-fifa-world-cup-sticker,Player names are not populated in this structural MVP CSV.
163,SUI14,main_album,team,main_checklist,SUI,Switzerland,14,Player sticker,Player sticker,player,standard,global,TRUE,TRUE,False,Checklist Insider,https://www.checklistinsider.com/2026-panini-fifa-world-cup-sticker,Player names are not populated in this structural MVP CSV.
164,SUI15,main_album,team,main_checklist,SUI,Switzerland,15,Player sticker,Player sticker,player,standard,global,TRUE,TRUE,False,Checklist Insider,https://www.checklistinsider.com/2026-panini-fifa-world-cup-sticker,Player names are not populated in this structural MVP CSV.
165,SUI16,main_album,team,main_checklist,SUI,Switzerland,16,Player sticker,Player sticker,player,standard,global,TRUE,TRUE,False,Checklist Insider,https://www.checklistinsider.com/2026-panini-fifa-world-cup-sticker,Player names are not populated in this structural MVP CSV.
166,SUI17,main_album,team,main_checklist,SUI,Switzerland,17,Player sticker,Player sticker,player,standard,global,TRUE,TRUE,False,Checklist Insider,https://www.checklistinsider.com/2026-panini-fifa-world-cup-sticker,Player names are not populated in this structural MVP CSV.
167,SUI18,main_album,team,main_checklist,SUI,Switzerland,18,Player sticker,Player sticker,player,standard,global,TRUE,TRUE,False,Checklist Insider,https://www.checklistinsider.com/2026-panini-fifa-world-cup-sticker,Player names are not populated in this structural MVP CSV.
168,SUI19,main_album,team,main_checklist,SUI,Switzerland,19,Player sticker,Player sticker,player,standard,global,TRUE,TRUE,False,Checklist Insider,https://www.checklistinsider.com/2026-panini-fifa-world-cup-sticker,Player names are not populated in this structural MVP CSV.
169,SUI20,main_album,team,main_checklist,SUI,Switzerland,20,Player sticker,Player sticker,player,standard,global,TRUE,TRUE,False,Checklist Insider,https://www.checklistinsider.com/2026-panini-fifa-world-cup-sticker,Player names are not populated in this structural MVP CSV.
170,BRA1,main_album,team,main_checklist,BRA,Brazil,1,Team Logo,,team_logo,standard,global,TRUE,TRUE,True,Checklist Insider,https://www.checklistinsider.com/2026-panini-fifa-world-cup-sticker,Player names are not populated in this structural MVP CSV.
171,BRA2,main_album,team,main_checklist,BRA,Brazil,2,Player sticker,Player sticker,player,standard,global,TRUE,TRUE,False,Checklist Insider,https://www.checklistinsider.com/2026-panini-fifa-world-cup-sticker,Player names are not populated in this structural MVP CSV.
172,BRA3,main_album,team,main_checklist,BRA,Brazil,3,Player sticker,Player sticker,player,standard,global,TRUE,TRUE,False,Checklist Insider,https://www.checklistinsider.com/2026-panini-fifa-world-cup-sticker,Player names are not populated in this structural MVP CSV.
173,BRA4,main_album,team,main_checklist,BRA,Brazil,4,Player sticker,Player sticker,player,standard,global,TRUE,TRUE,False,Checklist Insider,https://www.checklistinsider.com/2026-panini-fifa-world-cup-sticker,Player names are not populated in this structural MVP CSV.
174,BRA5,main_album,team,main_checklist,BRA,Brazil,5,Player sticker,Player sticker,player,standard,global,TRUE,TRUE,False,Checklist Insider,https://www.checklistinsider.com/2026-panini-fifa-world-cup-sticker,Player names are not populated in this structural MVP CSV.
175,BRA6,main_album,team,main_checklist,BRA,Brazil,6,Player sticker,Player sticker,player,standard,global,TRUE,TRUE,False,Checklist Insider,https://www.checklistinsider.com/2026-panini-fifa-world-cup-sticker,Player names are not populated in this structural MVP CSV.
176,BRA7,main_album,team,main_checklist,BRA,Brazil,7,Player sticker,Player sticker,player,standard,global,TRUE,TRUE,False,Checklist Insider,https://www.checklistinsider.com/2026-panini-fifa-world-cup-sticker,Player names are not populated in this structural MVP CSV.
177,BRA8,main_album,team,main_checklist,BRA,Brazil,8,Player sticker,Player sticker,player,standard,global,TRUE,TRUE,False,Checklist Insider,https://www.checklistinsider.com/2026-panini-fifa-world-cup-sticker,Player names are not populated in this structural MVP CSV.
178,BRA9,main_album,team,main_checklist,BRA,Brazil,9,Player sticker,Player sticker,player,standard,global,TRUE,TRUE,False,Checklist Insider,https://www.checklistinsider.com/2026-panini-fifa-world-cup-sticker,Player names are not populated in this structural MVP CSV.
179,BRA10,main_album,team,main_checklist,BRA,Brazil,10,Player sticker,Player sticker,player,standard,global,TRUE,TRUE,False,Checklist Insider,https://www.checklistinsider.com/2026-panini-fifa-world-cup-sticker,Player names are not populated in this structural MVP CSV.
180,BRA11,main_album,team,main_checklist,BRA,Brazil,11,Player sticker,Player sticker,player,standard,global,TRUE,TRUE,False,Checklist Insider,https://www.checklistinsider.com/2026-panini-fifa-world-cup-sticker,Player names are not populated in this structural MVP CSV.
181,BRA12,main_album,team,main_checklist,BRA,Brazil,12,Player sticker,Player sticker,player,standard,global,TRUE,TRUE,False,Checklist Insider,https://www.checklistinsider.com/2026-panini-fifa-world-cup-sticker,Player names are not populated in this structural MVP CSV.
182,BRA13,main_album,team,main_checklist,BRA,Brazil,13,Team Photo,,team_photo,standard,global,TRUE,TRUE,False,Checklist Insider,https://www.checklistinsider.com/2026-panini-fifa-world-cup-sticker,Player names are not populated in this structural MVP CSV.
183,BRA14,main_album,team,main_checklist,BRA,Brazil,14,Player sticker,Player sticker,player,standard,global,TRUE,TRUE,False,Checklist Insider,https://www.checklistinsider.com/2026-panini-fifa-world-cup-sticker,Player names are not populated in this structural MVP CSV.
184,BRA15,main_album,team,main_checklist,BRA,Brazil,15,Player sticker,Player sticker,player,standard,global,TRUE,TRUE,False,Checklist Insider,https://www.checklistinsider.com/2026-panini-fifa-world-cup-sticker,Player names are not populated in this structural MVP CSV.
185,BRA16,main_album,team,main_checklist,BRA,Brazil,16,Player sticker,Player sticker,player,standard,global,TRUE,TRUE,False,Checklist Insider,https://www.checklistinsider.com/2026-panini-fifa-world-cup-sticker,Player names are not populated in this structural MVP CSV.
186,BRA17,main_album,team,main_checklist,BRA,Brazil,17,Player sticker,Player sticker,player,standard,global,TRUE,TRUE,False,Checklist Insider,https://www.checklistinsider.com/2026-panini-fifa-world-cup-sticker,Player names are not populated in this structural MVP CSV.
187,BRA18,main_album,team,main_checklist,BRA,Brazil,18,Player sticker,Player sticker,player,standard,global,TRUE,TRUE,False,Checklist Insider,https://www.checklistinsider.com/2026-panini-fifa-world-cup-sticker,Player names are not populated in this structural MVP CSV.
188,BRA19,main_album,team,main_checklist,BRA,Brazil,19,Player sticker,Player sticker,player,standard,global,TRUE,TRUE,False,Checklist Insider,https://www.checklistinsider.com/2026-panini-fifa-world-cup-sticker,Player names are not populated in this structural MVP CSV.
189,BRA20,main_album,team,main_checklist,BRA,Brazil,20,Player sticker,Player sticker,player,standard,global,TRUE,TRUE,False,Checklist Insider,https://www.checklistinsider.com/2026-panini-fifa-world-cup-sticker,Player names are not populated in this structural MVP CSV.
190,MAR1,main_album,team,main_checklist,MAR,Morocco,1,Team Logo,,team_logo,standard,global,TRUE,TRUE,True,Checklist Insider,https://www.checklistinsider.com/2026-panini-fifa-world-cup-sticker,Player names are not populated in this structural MVP CSV.
191,MAR2,main_album,team,main_checklist,MAR,Morocco,2,Player sticker,Player sticker,player,standard,global,TRUE,TRUE,False,Checklist Insider,https://www.checklistinsider.com/2026-panini-fifa-world-cup-sticker,Player names are not populated in this structural MVP CSV.
192,MAR3,main_album,team,main_checklist,MAR,Morocco,3,Player sticker,Player sticker,player,standard,global,TRUE,TRUE,False,Checklist Insider,https://www.checklistinsider.com/2026-panini-fifa-world-cup-sticker,Player names are not populated in this structural MVP CSV.
193,MAR4,main_album,team,main_checklist,MAR,Morocco,4,Player sticker,Player sticker,player,standard,global,TRUE,TRUE,False,Checklist Insider,https://www.checklistinsider.com/2026-panini-fifa-world-cup-sticker,Player names are not populated in this structural MVP CSV.
194,MAR5,main_album,team,main_checklist,MAR,Morocco,5,Player sticker,Player sticker,player,standard,global,TRUE,TRUE,False,Checklist Insider,https://www.checklistinsider.com/2026-panini-fifa-world-cup-sticker,Player names are not populated in this structural MVP CSV.
195,MAR6,main_album,team,main_checklist,MAR,Morocco,6,Player sticker,Player sticker,player,standard,global,TRUE,TRUE,False,Checklist Insider,https://www.checklistinsider.com/2026-panini-fifa-world-cup-sticker,Player names are not populated in this structural MVP CSV.
196,MAR7,main_album,team,main_checklist,MAR,Morocco,7,Player sticker,Player sticker,player,standard,global,TRUE,TRUE,False,Checklist Insider,https://www.checklistinsider.com/2026-panini-fifa-world-cup-sticker,Player names are not populated in this structural MVP CSV.
197,MAR8,main_album,team,main_checklist,MAR,Morocco,8,Player sticker,Player sticker,player,standard,global,TRUE,TRUE,False,Checklist Insider,https://www.checklistinsider.com/2026-panini-fifa-world-cup-sticker,Player names are not populated in this structural MVP CSV.
198,MAR9,main_album,team,main_checklist,MAR,Morocco,9,Player sticker,Player sticker,player,standard,global,TRUE,TRUE,False,Checklist Insider,https://www.checklistinsider.com/2026-panini-fifa-world-cup-sticker,Player names are not populated in this structural MVP CSV.
199,MAR10,main_album,team,main_checklist,MAR,Morocco,10,Player sticker,Player sticker,player,standard,global,TRUE,TRUE,False,Checklist Insider,https://www.checklistinsider.com/2026-panini-fifa-world-cup-sticker,Player names are not populated in this structural MVP CSV.
200,MAR11,main_album,team,main_checklist,MAR,Morocco,11,Player sticker,Player sticker,player,standard,global,TRUE,TRUE,False,Checklist Insider,https://www.checklistinsider.com/2026-panini-fifa-world-cup-sticker,Player names are not populated in this structural MVP CSV.
201,MAR12,main_album,team,main_checklist,MAR,Morocco,12,Player sticker,Player sticker,player,standard,global,TRUE,TRUE,False,Checklist Insider,https://www.checklistinsider.com/2026-panini-fifa-world-cup-sticker,Player names are not populated in this structural MVP CSV.
202,MAR13,main_album,team,main_checklist,MAR,Morocco,13,Team Photo,,team_photo,standard,global,TRUE,TRUE,False,Checklist Insider,https://www.checklistinsider.com/2026-panini-fifa-world-cup-sticker,Player names are not populated in this structural MVP CSV.
203,MAR14,main_album,team,main_checklist,MAR,Morocco,14,Player sticker,Player sticker,player,standard,global,TRUE,TRUE,False,Checklist Insider,https://www.checklistinsider.com/2026-panini-fifa-world-cup-sticker,Player names are not populated in this structural MVP CSV.
204,MAR15,main_album,team,main_checklist,MAR,Morocco,15,Player sticker,Player sticker,player,standard,global,TRUE,TRUE,False,Checklist Insider,https://www.checklistinsider.com/2026-panini-fifa-world-cup-sticker,Player names are not populated in this structural MVP CSV.
205,MAR16,main_album,team,main_checklist,MAR,Morocco,16,Player sticker,Player sticker,player,standard,global,TRUE,TRUE,False,Checklist Insider,https://www.checklistinsider.com/2026-panini-fifa-world-cup-sticker,Player names are not populated in this structural MVP CSV.
206,MAR17,main_album,team,main_checklist,MAR,Morocco,17,Player sticker,Player sticker,player,standard,global,TRUE,TRUE,False,Checklist Insider,https://www.checklistinsider.com/2026-panini-fifa-world-cup-sticker,Player names are not populated in this structural MVP CSV.
207,MAR18,main_album,team,main_checklist,MAR,Morocco,18,Player sticker,Player sticker,player,standard,global,TRUE,TRUE,False,Checklist Insider,https://www.checklistinsider.com/2026-panini-fifa-world-cup-sticker,Player names are not populated in this structural MVP CSV.
208,MAR19,main_album,team,main_checklist,MAR,Morocco,19,Player sticker,Player sticker,player,standard,global,TRUE,TRUE,False,Checklist Insider,https://www.checklistinsider.com/2026-panini-fifa-world-cup-sticker,Player names are not populated in this structural MVP CSV.
209,MAR20,main_album,team,main_checklist,MAR,Morocco,20,Player sticker,Player sticker,player,standard,global,TRUE,TRUE,False,Checklist Insider,https://www.checklistinsider.com/2026-panini-fifa-world-cup-sticker,Player names are not populated in this structural MVP CSV.
210,HAI1,main_album,team,main_checklist,HAI,Haiti,1,Team Logo,,team_logo,standard,global,TRUE,TRUE,True,Checklist Insider,https://www.checklistinsider.com/2026-panini-fifa-world-cup-sticker,Player names are not populated in this structural MVP CSV.
211,HAI2,main_album,team,main_checklist,HAI,Haiti,2,Player sticker,Player sticker,player,standard,global,TRUE,TRUE,False,Checklist Insider,https://www.checklistinsider.com/2026-panini-fifa-world-cup-sticker,Player names are not populated in this structural MVP CSV.
212,HAI3,main_album,team,main_checklist,HAI,Haiti,3,Player sticker,Player sticker,player,standard,global,TRUE,TRUE,False,Checklist Insider,https://www.checklistinsider.com/2026-panini-fifa-world-cup-sticker,Player names are not populated in this structural MVP CSV.
213,HAI4,main_album,team,main_checklist,HAI,Haiti,4,Player sticker,Player sticker,player,standard,global,TRUE,TRUE,False,Checklist Insider,https://www.checklistinsider.com/2026-panini-fifa-world-cup-sticker,Player names are not populated in this structural MVP CSV.
214,HAI5,main_album,team,main_checklist,HAI,Haiti,5,Player sticker,Player sticker,player,standard,global,TRUE,TRUE,False,Checklist Insider,https://www.checklistinsider.com/2026-panini-fifa-world-cup-sticker,Player names are not populated in this structural MVP CSV.
215,HAI6,main_album,team,main_checklist,HAI,Haiti,6,Player sticker,Player sticker,player,standard,global,TRUE,TRUE,False,Checklist Insider,https://www.checklistinsider.com/2026-panini-fifa-world-cup-sticker,Player names are not populated in this structural MVP CSV.
216,HAI7,main_album,team,main_checklist,HAI,Haiti,7,Player sticker,Player sticker,player,standard,global,TRUE,TRUE,False,Checklist Insider,https://www.checklistinsider.com/2026-panini-fifa-world-cup-sticker,Player names are not populated in this structural MVP CSV.
217,HAI8,main_album,team,main_checklist,HAI,Haiti,8,Player sticker,Player sticker,player,standard,global,TRUE,TRUE,False,Checklist Insider,https://www.checklistinsider.com/2026-panini-fifa-world-cup-sticker,Player names are not populated in this structural MVP CSV.
218,HAI9,main_album,team,main_checklist,HAI,Haiti,9,Player sticker,Player sticker,player,standard,global,TRUE,TRUE,False,Checklist Insider,https://www.checklistinsider.com/2026-panini-fifa-world-cup-sticker,Player names are not populated in this structural MVP CSV.
219,HAI10,main_album,team,main_checklist,HAI,Haiti,10,Player sticker,Player sticker,player,standard,global,TRUE,TRUE,False,Checklist Insider,https://www.checklistinsider.com/2026-panini-fifa-world-cup-sticker,Player names are not populated in this structural MVP CSV.
220,HAI11,main_album,team,main_checklist,HAI,Haiti,11,Player sticker,Player sticker,player,standard,global,TRUE,TRUE,False,Checklist Insider,https://www.checklistinsider.com/2026-panini-fifa-world-cup-sticker,Player names are not populated in this structural MVP CSV.
221,HAI12,main_album,team,main_checklist,HAI,Haiti,12,Player sticker,Player sticker,player,standard,global,TRUE,TRUE,False,Checklist Insider,https://www.checklistinsider.com/2026-panini-fifa-world-cup-sticker,Player names are not populated in this structural MVP CSV.
222,HAI13,main_album,team,main_checklist,HAI,Haiti,13,Team Photo,,team_photo,standard,global,TRUE,TRUE,False,Checklist Insider,https://www.checklistinsider.com/2026-panini-fifa-world-cup-sticker,Player names are not populated in this structural MVP CSV.
223,HAI14,main_album,team,main_checklist,HAI,Haiti,14,Player sticker,Player sticker,player,standard,global,TRUE,TRUE,False,Checklist Insider,https://www.checklistinsider.com/2026-panini-fifa-world-cup-sticker,Player names are not populated in this structural MVP CSV.
224,HAI15,main_album,team,main_checklist,HAI,Haiti,15,Player sticker,Player sticker,player,standard,global,TRUE,TRUE,False,Checklist Insider,https://www.checklistinsider.com/2026-panini-fifa-world-cup-sticker,Player names are not populated in this structural MVP CSV.
225,HAI16,main_album,team,main_checklist,HAI,Haiti,16,Player sticker,Player sticker,player,standard,global,TRUE,TRUE,False,Checklist Insider,https://www.checklistinsider.com/2026-panini-fifa-world-cup-sticker,Player names are not populated in this structural MVP CSV.
226,HAI17,main_album,team,main_checklist,HAI,Haiti,17,Player sticker,Player sticker,player,standard,global,TRUE,TRUE,False,Checklist Insider,https://www.checklistinsider.com/2026-panini-fifa-world-cup-sticker,Player names are not populated in this structural MVP CSV.
227,HAI18,main_album,team,main_checklist,HAI,Haiti,18,Player sticker,Player sticker,player,standard,global,TRUE,TRUE,False,Checklist Insider,https://www.checklistinsider.com/2026-panini-fifa-world-cup-sticker,Player names are not populated in this structural MVP CSV.
228,HAI19,main_album,team,main_checklist,HAI,Haiti,19,Player sticker,Player sticker,player,standard,global,TRUE,TRUE,False,Checklist Insider,https://www.checklistinsider.com/2026-panini-fifa-world-cup-sticker,Player names are not populated in this structural MVP CSV.
229,HAI20,main_album,team,main_checklist,HAI,Haiti,20,Player sticker,Player sticker,player,standard,global,TRUE,TRUE,False,Checklist Insider,https://www.checklistinsider.com/2026-panini-fifa-world-cup-sticker,Player names are not populated in this structural MVP CSV.
230,SCO1,main_album,team,main_checklist,SCO,Scotland,1,Team Logo,,team_logo,standard,global,TRUE,TRUE,True,Checklist Insider,https://www.checklistinsider.com/2026-panini-fifa-world-cup-sticker,Player names are not populated in this structural MVP CSV.
231,SCO2,main_album,team,main_checklist,SCO,Scotland,2,Player sticker,Player sticker,player,standard,global,TRUE,TRUE,False,Checklist Insider,https://www.checklistinsider.com/2026-panini-fifa-world-cup-sticker,Player names are not populated in this structural MVP CSV.
232,SCO3,main_album,team,main_checklist,SCO,Scotland,3,Player sticker,Player sticker,player,standard,global,TRUE,TRUE,False,Checklist Insider,https://www.checklistinsider.com/2026-panini-fifa-world-cup-sticker,Player names are not populated in this structural MVP CSV.
233,SCO4,main_album,team,main_checklist,SCO,Scotland,4,Player sticker,Player sticker,player,standard,global,TRUE,TRUE,False,Checklist Insider,https://www.checklistinsider.com/2026-panini-fifa-world-cup-sticker,Player names are not populated in this structural MVP CSV.
234,SCO5,main_album,team,main_checklist,SCO,Scotland,5,Player sticker,Player sticker,player,standard,global,TRUE,TRUE,False,Checklist Insider,https://www.checklistinsider.com/2026-panini-fifa-world-cup-sticker,Player names are not populated in this structural MVP CSV.
235,SCO6,main_album,team,main_checklist,SCO,Scotland,6,Player sticker,Player sticker,player,standard,global,TRUE,TRUE,False,Checklist Insider,https://www.checklistinsider.com/2026-panini-fifa-world-cup-sticker,Player names are not populated in this structural MVP CSV.
236,SCO7,main_album,team,main_checklist,SCO,Scotland,7,Player sticker,Player sticker,player,standard,global,TRUE,TRUE,False,Checklist Insider,https://www.checklistinsider.com/2026-panini-fifa-world-cup-sticker,Player names are not populated in this structural MVP CSV.
237,SCO8,main_album,team,main_checklist,SCO,Scotland,8,Player sticker,Player sticker,player,standard,global,TRUE,TRUE,False,Checklist Insider,https://www.checklistinsider.com/2026-panini-fifa-world-cup-sticker,Player names are not populated in this structural MVP CSV.
238,SCO9,main_album,team,main_checklist,SCO,Scotland,9,Player sticker,Player sticker,player,standard,global,TRUE,TRUE,False,Checklist Insider,https://www.checklistinsider.com/2026-panini-fifa-world-cup-sticker,Player names are not populated in this structural MVP CSV.
239,SCO10,main_album,team,main_checklist,SCO,Scotland,10,Player sticker,Player sticker,player,standard,global,TRUE,TRUE,False,Checklist Insider,https://www.checklistinsider.com/2026-panini-fifa-world-cup-sticker,Player names are not populated in this structural MVP CSV.
240,SCO11,main_album,team,main_checklist,SCO,Scotland,11,Player sticker,Player sticker,player,standard,global,TRUE,TRUE,False,Checklist Insider,https://www.checklistinsider.com/2026-panini-fifa-world-cup-sticker,Player names are not populated in this structural MVP CSV.
241,SCO12,main_album,team,main_checklist,SCO,Scotland,12,Player sticker,Player sticker,player,standard,global,TRUE,TRUE,False,Checklist Insider,https://www.checklistinsider.com/2026-panini-fifa-world-cup-sticker,Player names are not populated in this structural MVP CSV.
242,SCO13,main_album,team,main_checklist,SCO,Scotland,13,Team Photo,,team_photo,standard,global,TRUE,TRUE,False,Checklist Insider,https://www.checklistinsider.com/2026-panini-fifa-world-cup-sticker,Player names are not populated in this structural MVP CSV.
243,SCO14,main_album,team,main_checklist,SCO,Scotland,14,Player sticker,Player sticker,player,standard,global,TRUE,TRUE,False,Checklist Insider,https://www.checklistinsider.com/2026-panini-fifa-world-cup-sticker,Player names are not populated in this structural MVP CSV.
244,SCO15,main_album,team,main_checklist,SCO,Scotland,15,Player sticker,Player sticker,player,standard,global,TRUE,TRUE,False,Checklist Insider,https://www.checklistinsider.com/2026-panini-fifa-world-cup-sticker,Player names are not populated in this structural MVP CSV.
245,SCO16,main_album,team,main_checklist,SCO,Scotland,16,Player sticker,Player sticker,player,standard,global,TRUE,TRUE,False,Checklist Insider,https://www.checklistinsider.com/2026-panini-fifa-world-cup-sticker,Player names are not populated in this structural MVP CSV.
246,SCO17,main_album,team,main_checklist,SCO,Scotland,17,Player sticker,Player sticker,player,standard,global,TRUE,TRUE,False,Checklist Insider,https://www.checklistinsider.com/2026-panini-fifa-world-cup-sticker,Player names are not populated in this structural MVP CSV.
247,SCO18,main_album,team,main_checklist,SCO,Scotland,18,Player sticker,Player sticker,player,standard,global,TRUE,TRUE,False,Checklist Insider,https://www.checklistinsider.com/2026-panini-fifa-world-cup-sticker,Player names are not populated in this structural MVP CSV.
248,SCO19,main_album,team,main_checklist,SCO,Scotland,19,Player sticker,Player sticker,player,standard,global,TRUE,TRUE,False,Checklist Insider,https://www.checklistinsider.com/2026-panini-fifa-world-cup-sticker,Player names are not populated in this structural MVP CSV.
249,SCO20,main_album,team,main_checklist,SCO,Scotland,20,Player sticker,Player sticker,player,standard,global,TRUE,TRUE,False,Checklist Insider,https://www.checklistinsider.com/2026-panini-fifa-world-cup-sticker,Player names are not populated in this structural MVP CSV.
250,USA1,main_album,team,main_checklist,USA,USA,1,Team Logo,,team_logo,standard,global,TRUE,TRUE,True,Checklist Insider,https://www.checklistinsider.com/2026-panini-fifa-world-cup-sticker,Player names are not populated in this structural MVP CSV.
251,USA2,main_album,team,main_checklist,USA,USA,2,Player sticker,Player sticker,player,standard,global,TRUE,TRUE,False,Checklist Insider,https://www.checklistinsider.com/2026-panini-fifa-world-cup-sticker,Player names are not populated in this structural MVP CSV.
252,USA3,main_album,team,main_checklist,USA,USA,3,Player sticker,Player sticker,player,standard,global,TRUE,TRUE,False,Checklist Insider,https://www.checklistinsider.com/2026-panini-fifa-world-cup-sticker,Player names are not populated in this structural MVP CSV.
253,USA4,main_album,team,main_checklist,USA,USA,4,Player sticker,Player sticker,player,standard,global,TRUE,TRUE,False,Checklist Insider,https://www.checklistinsider.com/2026-panini-fifa-world-cup-sticker,Player names are not populated in this structural MVP CSV.
254,USA5,main_album,team,main_checklist,USA,USA,5,Player sticker,Player sticker,player,standard,global,TRUE,TRUE,False,Checklist Insider,https://www.checklistinsider.com/2026-panini-fifa-world-cup-sticker,Player names are not populated in this structural MVP CSV.
255,USA6,main_album,team,main_checklist,USA,USA,6,Player sticker,Player sticker,player,standard,global,TRUE,TRUE,False,Checklist Insider,https://www.checklistinsider.com/2026-panini-fifa-world-cup-sticker,Player names are not populated in this structural MVP CSV.
256,USA7,main_album,team,main_checklist,USA,USA,7,Player sticker,Player sticker,player,standard,global,TRUE,TRUE,False,Checklist Insider,https://www.checklistinsider.com/2026-panini-fifa-world-cup-sticker,Player names are not populated in this structural MVP CSV.
257,USA8,main_album,team,main_checklist,USA,USA,8,Player sticker,Player sticker,player,standard,global,TRUE,TRUE,False,Checklist Insider,https://www.checklistinsider.com/2026-panini-fifa-world-cup-sticker,Player names are not populated in this structural MVP CSV.
258,USA9,main_album,team,main_checklist,USA,USA,9,Player sticker,Player sticker,player,standard,global,TRUE,TRUE,False,Checklist Insider,https://www.checklistinsider.com/2026-panini-fifa-world-cup-sticker,Player names are not populated in this structural MVP CSV.
259,USA10,main_album,team,main_checklist,USA,USA,10,Player sticker,Player sticker,player,standard,global,TRUE,TRUE,False,Checklist Insider,https://www.checklistinsider.com/2026-panini-fifa-world-cup-sticker,Player names are not populated in this structural MVP CSV.
260,USA11,main_album,team,main_checklist,USA,USA,11,Player sticker,Player sticker,player,standard,global,TRUE,TRUE,False,Checklist Insider,https://www.checklistinsider.com/2026-panini-fifa-world-cup-sticker,Player names are not populated in this structural MVP CSV.
261,USA12,main_album,team,main_checklist,USA,USA,12,Player sticker,Player sticker,player,standard,global,TRUE,TRUE,False,Checklist Insider,https://www.checklistinsider.com/2026-panini-fifa-world-cup-sticker,Player names are not populated in this structural MVP CSV.
262,USA13,main_album,team,main_checklist,USA,USA,13,Team Photo,,team_photo,standard,global,TRUE,TRUE,False,Checklist Insider,https://www.checklistinsider.com/2026-panini-fifa-world-cup-sticker,Player names are not populated in this structural MVP CSV.
263,USA14,main_album,team,main_checklist,USA,USA,14,Player sticker,Player sticker,player,standard,global,TRUE,TRUE,False,Checklist Insider,https://www.checklistinsider.com/2026-panini-fifa-world-cup-sticker,Player names are not populated in this structural MVP CSV.
264,USA15,main_album,team,main_checklist,USA,USA,15,Player sticker,Player sticker,player,standard,global,TRUE,TRUE,False,Checklist Insider,https://www.checklistinsider.com/2026-panini-fifa-world-cup-sticker,Player names are not populated in this structural MVP CSV.
265,USA16,main_album,team,main_checklist,USA,USA,16,Player sticker,Player sticker,player,standard,global,TRUE,TRUE,False,Checklist Insider,https://www.checklistinsider.com/2026-panini-fifa-world-cup-sticker,Player names are not populated in this structural MVP CSV.
266,USA17,main_album,team,main_checklist,USA,USA,17,Player sticker,Player sticker,player,standard,global,TRUE,TRUE,False,Checklist Insider,https://www.checklistinsider.com/2026-panini-fifa-world-cup-sticker,Player names are not populated in this structural MVP CSV.
267,USA18,main_album,team,main_checklist,USA,USA,18,Player sticker,Player sticker,player,standard,global,TRUE,TRUE,False,Checklist Insider,https://www.checklistinsider.com/2026-panini-fifa-world-cup-sticker,Player names are not populated in this structural MVP CSV.
268,USA19,main_album,team,main_checklist,USA,USA,19,Player sticker,Player sticker,player,standard,global,TRUE,TRUE,False,Checklist Insider,https://www.checklistinsider.com/2026-panini-fifa-world-cup-sticker,Player names are not populated in this structural MVP CSV.
269,USA20,main_album,team,main_checklist,USA,USA,20,Player sticker,Player sticker,player,standard,global,TRUE,TRUE,False,Checklist Insider,https://www.checklistinsider.com/2026-panini-fifa-world-cup-sticker,Player names are not populated in this structural MVP CSV.
270,PAR1,main_album,team,main_checklist,PAR,Paraguay,1,Team Logo,,team_logo,standard,global,TRUE,TRUE,True,Checklist Insider,https://www.checklistinsider.com/2026-panini-fifa-world-cup-sticker,Player names are not populated in this structural MVP CSV.
271,PAR2,main_album,team,main_checklist,PAR,Paraguay,2,Player sticker,Player sticker,player,standard,global,TRUE,TRUE,False,Checklist Insider,https://www.checklistinsider.com/2026-panini-fifa-world-cup-sticker,Player names are not populated in this structural MVP CSV.
272,PAR3,main_album,team,main_checklist,PAR,Paraguay,3,Player sticker,Player sticker,player,standard,global,TRUE,TRUE,False,Checklist Insider,https://www.checklistinsider.com/2026-panini-fifa-world-cup-sticker,Player names are not populated in this structural MVP CSV.
273,PAR4,main_album,team,main_checklist,PAR,Paraguay,4,Player sticker,Player sticker,player,standard,global,TRUE,TRUE,False,Checklist Insider,https://www.checklistinsider.com/2026-panini-fifa-world-cup-sticker,Player names are not populated in this structural MVP CSV.
274,PAR5,main_album,team,main_checklist,PAR,Paraguay,5,Player sticker,Player sticker,player,standard,global,TRUE,TRUE,False,Checklist Insider,https://www.checklistinsider.com/2026-panini-fifa-world-cup-sticker,Player names are not populated in this structural MVP CSV.
275,PAR6,main_album,team,main_checklist,PAR,Paraguay,6,Player sticker,Player sticker,player,standard,global,TRUE,TRUE,False,Checklist Insider,https://www.checklistinsider.com/2026-panini-fifa-world-cup-sticker,Player names are not populated in this structural MVP CSV.
276,PAR7,main_album,team,main_checklist,PAR,Paraguay,7,Player sticker,Player sticker,player,standard,global,TRUE,TRUE,False,Checklist Insider,https://www.checklistinsider.com/2026-panini-fifa-world-cup-sticker,Player names are not populated in this structural MVP CSV.
277,PAR8,main_album,team,main_checklist,PAR,Paraguay,8,Player sticker,Player sticker,player,standard,global,TRUE,TRUE,False,Checklist Insider,https://www.checklistinsider.com/2026-panini-fifa-world-cup-sticker,Player names are not populated in this structural MVP CSV.
278,PAR9,main_album,team,main_checklist,PAR,Paraguay,9,Player sticker,Player sticker,player,standard,global,TRUE,TRUE,False,Checklist Insider,https://www.checklistinsider.com/2026-panini-fifa-world-cup-sticker,Player names are not populated in this structural MVP CSV.
279,PAR10,main_album,team,main_checklist,PAR,Paraguay,10,Player sticker,Player sticker,player,standard,global,TRUE,TRUE,False,Checklist Insider,https://www.checklistinsider.com/2026-panini-fifa-world-cup-sticker,Player names are not populated in this structural MVP CSV.
280,PAR11,main_album,team,main_checklist,PAR,Paraguay,11,Player sticker,Player sticker,player,standard,global,TRUE,TRUE,False,Checklist Insider,https://www.checklistinsider.com/2026-panini-fifa-world-cup-sticker,Player names are not populated in this structural MVP CSV.
281,PAR12,main_album,team,main_checklist,PAR,Paraguay,12,Player sticker,Player sticker,player,standard,global,TRUE,TRUE,False,Checklist Insider,https://www.checklistinsider.com/2026-panini-fifa-world-cup-sticker,Player names are not populated in this structural MVP CSV.
282,PAR13,main_album,team,main_checklist,PAR,Paraguay,13,Team Photo,,team_photo,standard,global,TRUE,TRUE,False,Checklist Insider,https://www.checklistinsider.com/2026-panini-fifa-world-cup-sticker,Player names are not populated in this structural MVP CSV.
283,PAR14,main_album,team,main_checklist,PAR,Paraguay,14,Player sticker,Player sticker,player,standard,global,TRUE,TRUE,False,Checklist Insider,https://www.checklistinsider.com/2026-panini-fifa-world-cup-sticker,Player names are not populated in this structural MVP CSV.
284,PAR15,main_album,team,main_checklist,PAR,Paraguay,15,Player sticker,Player sticker,player,standard,global,TRUE,TRUE,False,Checklist Insider,https://www.checklistinsider.com/2026-panini-fifa-world-cup-sticker,Player names are not populated in this structural MVP CSV.
285,PAR16,main_album,team,main_checklist,PAR,Paraguay,16,Player sticker,Player sticker,player,standard,global,TRUE,TRUE,False,Checklist Insider,https://www.checklistinsider.com/2026-panini-fifa-world-cup-sticker,Player names are not populated in this structural MVP CSV.
286,PAR17,main_album,team,main_checklist,PAR,Paraguay,17,Player sticker,Player sticker,player,standard,global,TRUE,TRUE,False,Checklist Insider,https://www.checklistinsider.com/2026-panini-fifa-world-cup-sticker,Player names are not populated in this structural MVP CSV.
287,PAR18,main_album,team,main_checklist,PAR,Paraguay,18,Player sticker,Player sticker,player,standard,global,TRUE,TRUE,False,Checklist Insider,https://www.checklistinsider.com/2026-panini-fifa-world-cup-sticker,Player names are not populated in this structural MVP CSV.
288,PAR19,main_album,team,main_checklist,PAR,Paraguay,19,Player sticker,Player sticker,player,standard,global,TRUE,TRUE,False,Checklist Insider,https://www.checklistinsider.com/2026-panini-fifa-world-cup-sticker,Player names are not populated in this structural MVP CSV.
289,PAR20,main_album,team,main_checklist,PAR,Paraguay,20,Player sticker,Player sticker,player,standard,global,TRUE,TRUE,False,Checklist Insider,https://www.checklistinsider.com/2026-panini-fifa-world-cup-sticker,Player names are not populated in this structural MVP CSV.
290,AUS1,main_album,team,main_checklist,AUS,Australia,1,Team Logo,,team_logo,standard,global,TRUE,TRUE,True,Checklist Insider,https://www.checklistinsider.com/2026-panini-fifa-world-cup-sticker,Player names are not populated in this structural MVP CSV.
291,AUS2,main_album,team,main_checklist,AUS,Australia,2,Player sticker,Player sticker,player,standard,global,TRUE,TRUE,False,Checklist Insider,https://www.checklistinsider.com/2026-panini-fifa-world-cup-sticker,Player names are not populated in this structural MVP CSV.
292,AUS3,main_album,team,main_checklist,AUS,Australia,3,Player sticker,Player sticker,player,standard,global,TRUE,TRUE,False,Checklist Insider,https://www.checklistinsider.com/2026-panini-fifa-world-cup-sticker,Player names are not populated in this structural MVP CSV.
293,AUS4,main_album,team,main_checklist,AUS,Australia,4,Player sticker,Player sticker,player,standard,global,TRUE,TRUE,False,Checklist Insider,https://www.checklistinsider.com/2026-panini-fifa-world-cup-sticker,Player names are not populated in this structural MVP CSV.
294,AUS5,main_album,team,main_checklist,AUS,Australia,5,Player sticker,Player sticker,player,standard,global,TRUE,TRUE,False,Checklist Insider,https://www.checklistinsider.com/2026-panini-fifa-world-cup-sticker,Player names are not populated in this structural MVP CSV.
295,AUS6,main_album,team,main_checklist,AUS,Australia,6,Player sticker,Player sticker,player,standard,global,TRUE,TRUE,False,Checklist Insider,https://www.checklistinsider.com/2026-panini-fifa-world-cup-sticker,Player names are not populated in this structural MVP CSV.
296,AUS7,main_album,team,main_checklist,AUS,Australia,7,Player sticker,Player sticker,player,standard,global,TRUE,TRUE,False,Checklist Insider,https://www.checklistinsider.com/2026-panini-fifa-world-cup-sticker,Player names are not populated in this structural MVP CSV.
297,AUS8,main_album,team,main_checklist,AUS,Australia,8,Player sticker,Player sticker,player,standard,global,TRUE,TRUE,False,Checklist Insider,https://www.checklistinsider.com/2026-panini-fifa-world-cup-sticker,Player names are not populated in this structural MVP CSV.
298,AUS9,main_album,team,main_checklist,AUS,Australia,9,Player sticker,Player sticker,player,standard,global,TRUE,TRUE,False,Checklist Insider,https://www.checklistinsider.com/2026-panini-fifa-world-cup-sticker,Player names are not populated in this structural MVP CSV.
299,AUS10,main_album,team,main_checklist,AUS,Australia,10,Player sticker,Player sticker,player,standard,global,TRUE,TRUE,False,Checklist Insider,https://www.checklistinsider.com/2026-panini-fifa-world-cup-sticker,Player names are not populated in this structural MVP CSV.
300,AUS11,main_album,team,main_checklist,AUS,Australia,11,Player sticker,Player sticker,player,standard,global,TRUE,TRUE,False,Checklist Insider,https://www.checklistinsider.com/2026-panini-fifa-world-cup-sticker,Player names are not populated in this structural MVP CSV.
301,AUS12,main_album,team,main_checklist,AUS,Australia,12,Player sticker,Player sticker,player,standard,global,TRUE,TRUE,False,Checklist Insider,https://www.checklistinsider.com/2026-panini-fifa-world-cup-sticker,Player names are not populated in this structural MVP CSV.
302,AUS13,main_album,team,main_checklist,AUS,Australia,13,Team Photo,,team_photo,standard,global,TRUE,TRUE,False,Checklist Insider,https://www.checklistinsider.com/2026-panini-fifa-world-cup-sticker,Player names are not populated in this structural MVP CSV.
303,AUS14,main_album,team,main_checklist,AUS,Australia,14,Player sticker,Player sticker,player,standard,global,TRUE,TRUE,False,Checklist Insider,https://www.checklistinsider.com/2026-panini-fifa-world-cup-sticker,Player names are not populated in this structural MVP CSV.
304,AUS15,main_album,team,main_checklist,AUS,Australia,15,Player sticker,Player sticker,player,standard,global,TRUE,TRUE,False,Checklist Insider,https://www.checklistinsider.com/2026-panini-fifa-world-cup-sticker,Player names are not populated in this structural MVP CSV.
305,AUS16,main_album,team,main_checklist,AUS,Australia,16,Player sticker,Player sticker,player,standard,global,TRUE,TRUE,False,Checklist Insider,https://www.checklistinsider.com/2026-panini-fifa-world-cup-sticker,Player names are not populated in this structural MVP CSV.
306,AUS17,main_album,team,main_checklist,AUS,Australia,17,Player sticker,Player sticker,player,standard,global,TRUE,TRUE,False,Checklist Insider,https://www.checklistinsider.com/2026-panini-fifa-world-cup-sticker,Player names are not populated in this structural MVP CSV.
307,AUS18,main_album,team,main_checklist,AUS,Australia,18,Player sticker,Player sticker,player,standard,global,TRUE,TRUE,False,Checklist Insider,https://www.checklistinsider.com/2026-panini-fifa-world-cup-sticker,Player names are not populated in this structural MVP CSV.
308,AUS19,main_album,team,main_checklist,AUS,Australia,19,Player sticker,Player sticker,player,standard,global,TRUE,TRUE,False,Checklist Insider,https://www.checklistinsider.com/2026-panini-fifa-world-cup-sticker,Player names are not populated in this structural MVP CSV.
309,AUS20,main_album,team,main_checklist,AUS,Australia,20,Player sticker,Player sticker,player,standard,global,TRUE,TRUE,False,Checklist Insider,https://www.checklistinsider.com/2026-panini-fifa-world-cup-sticker,Player names are not populated in this structural MVP CSV.
310,TUR1,main_album,team,main_checklist,TUR,Türkiye,1,Team Logo,,team_logo,standard,global,TRUE,TRUE,True,Checklist Insider,https://www.checklistinsider.com/2026-panini-fifa-world-cup-sticker,Player names are not populated in this structural MVP CSV.
311,TUR2,main_album,team,main_checklist,TUR,Türkiye,2,Player sticker,Player sticker,player,standard,global,TRUE,TRUE,False,Checklist Insider,https://www.checklistinsider.com/2026-panini-fifa-world-cup-sticker,Player names are not populated in this structural MVP CSV.
312,TUR3,main_album,team,main_checklist,TUR,Türkiye,3,Player sticker,Player sticker,player,standard,global,TRUE,TRUE,False,Checklist Insider,https://www.checklistinsider.com/2026-panini-fifa-world-cup-sticker,Player names are not populated in this structural MVP CSV.
313,TUR4,main_album,team,main_checklist,TUR,Türkiye,4,Player sticker,Player sticker,player,standard,global,TRUE,TRUE,False,Checklist Insider,https://www.checklistinsider.com/2026-panini-fifa-world-cup-sticker,Player names are not populated in this structural MVP CSV.
314,TUR5,main_album,team,main_checklist,TUR,Türkiye,5,Player sticker,Player sticker,player,standard,global,TRUE,TRUE,False,Checklist Insider,https://www.checklistinsider.com/2026-panini-fifa-world-cup-sticker,Player names are not populated in this structural MVP CSV.
315,TUR6,main_album,team,main_checklist,TUR,Türkiye,6,Player sticker,Player sticker,player,standard,global,TRUE,TRUE,False,Checklist Insider,https://www.checklistinsider.com/2026-panini-fifa-world-cup-sticker,Player names are not populated in this structural MVP CSV.
316,TUR7,main_album,team,main_checklist,TUR,Türkiye,7,Player sticker,Player sticker,player,standard,global,TRUE,TRUE,False,Checklist Insider,https://www.checklistinsider.com/2026-panini-fifa-world-cup-sticker,Player names are not populated in this structural MVP CSV.
317,TUR8,main_album,team,main_checklist,TUR,Türkiye,8,Player sticker,Player sticker,player,standard,global,TRUE,TRUE,False,Checklist Insider,https://www.checklistinsider.com/2026-panini-fifa-world-cup-sticker,Player names are not populated in this structural MVP CSV.
318,TUR9,main_album,team,main_checklist,TUR,Türkiye,9,Player sticker,Player sticker,player,standard,global,TRUE,TRUE,False,Checklist Insider,https://www.checklistinsider.com/2026-panini-fifa-world-cup-sticker,Player names are not populated in this structural MVP CSV.
319,TUR10,main_album,team,main_checklist,TUR,Türkiye,10,Player sticker,Player sticker,player,standard,global,TRUE,TRUE,False,Checklist Insider,https://www.checklistinsider.com/2026-panini-fifa-world-cup-sticker,Player names are not populated in this structural MVP CSV.
320,TUR11,main_album,team,main_checklist,TUR,Türkiye,11,Player sticker,Player sticker,player,standard,global,TRUE,TRUE,False,Checklist Insider,https://www.checklistinsider.com/2026-panini-fifa-world-cup-sticker,Player names are not populated in this structural MVP CSV.
321,TUR12,main_album,team,main_checklist,TUR,Türkiye,12,Player sticker,Player sticker,player,standard,global,TRUE,TRUE,False,Checklist Insider,https://www.checklistinsider.com/2026-panini-fifa-world-cup-sticker,Player names are not populated in this structural MVP CSV.
322,TUR13,main_album,team,main_checklist,TUR,Türkiye,13,Team Photo,,team_photo,standard,global,TRUE,TRUE,False,Checklist Insider,https://www.checklistinsider.com/2026-panini-fifa-world-cup-sticker,Player names are not populated in this structural MVP CSV.
323,TUR14,main_album,team,main_checklist,TUR,Türkiye,14,Player sticker,Player sticker,player,standard,global,TRUE,TRUE,False,Checklist Insider,https://www.checklistinsider.com/2026-panini-fifa-world-cup-sticker,Player names are not populated in this structural MVP CSV.
324,TUR15,main_album,team,main_checklist,TUR,Türkiye,15,Player sticker,Player sticker,player,standard,global,TRUE,TRUE,False,Checklist Insider,https://www.checklistinsider.com/2026-panini-fifa-world-cup-sticker,Player names are not populated in this structural MVP CSV.
325,TUR16,main_album,team,main_checklist,TUR,Türkiye,16,Player sticker,Player sticker,player,standard,global,TRUE,TRUE,False,Checklist Insider,https://www.checklistinsider.com/2026-panini-fifa-world-cup-sticker,Player names are not populated in this structural MVP CSV.
326,TUR17,main_album,team,main_checklist,TUR,Türkiye,17,Player sticker,Player sticker,player,standard,global,TRUE,TRUE,False,Checklist Insider,https://www.checklistinsider.com/2026-panini-fifa-world-cup-sticker,Player names are not populated in this structural MVP CSV.
327,TUR18,main_album,team,main_checklist,TUR,Türkiye,18,Player sticker,Player sticker,player,standard,global,TRUE,TRUE,False,Checklist Insider,https://www.checklistinsider.com/2026-panini-fifa-world-cup-sticker,Player names are not populated in this structural MVP CSV.
328,TUR19,main_album,team,main_checklist,TUR,Türkiye,19,Player sticker,Player sticker,player,standard,global,TRUE,TRUE,False,Checklist Insider,https://www.checklistinsider.com/2026-panini-fifa-world-cup-sticker,Player names are not populated in this structural MVP CSV.
329,TUR20,main_album,team,main_checklist,TUR,Türkiye,20,Player sticker,Player sticker,player,standard,global,TRUE,TRUE,False,Checklist Insider,https://www.checklistinsider.com/2026-panini-fifa-world-cup-sticker,Player names are not populated in this structural MVP CSV.
330,GER1,main_album,team,main_checklist,GER,Germany,1,Team Logo,,team_logo,standard,global,TRUE,TRUE,True,Checklist Insider,https://www.checklistinsider.com/2026-panini-fifa-world-cup-sticker,Player names are not populated in this structural MVP CSV.
331,GER2,main_album,team,main_checklist,GER,Germany,2,Player sticker,Player sticker,player,standard,global,TRUE,TRUE,False,Checklist Insider,https://www.checklistinsider.com/2026-panini-fifa-world-cup-sticker,Player names are not populated in this structural MVP CSV.
332,GER3,main_album,team,main_checklist,GER,Germany,3,Player sticker,Player sticker,player,standard,global,TRUE,TRUE,False,Checklist Insider,https://www.checklistinsider.com/2026-panini-fifa-world-cup-sticker,Player names are not populated in this structural MVP CSV.
333,GER4,main_album,team,main_checklist,GER,Germany,4,Player sticker,Player sticker,player,standard,global,TRUE,TRUE,False,Checklist Insider,https://www.checklistinsider.com/2026-panini-fifa-world-cup-sticker,Player names are not populated in this structural MVP CSV.
334,GER5,main_album,team,main_checklist,GER,Germany,5,Player sticker,Player sticker,player,standard,global,TRUE,TRUE,False,Checklist Insider,https://www.checklistinsider.com/2026-panini-fifa-world-cup-sticker,Player names are not populated in this structural MVP CSV.
335,GER6,main_album,team,main_checklist,GER,Germany,6,Player sticker,Player sticker,player,standard,global,TRUE,TRUE,False,Checklist Insider,https://www.checklistinsider.com/2026-panini-fifa-world-cup-sticker,Player names are not populated in this structural MVP CSV.
336,GER7,main_album,team,main_checklist,GER,Germany,7,Player sticker,Player sticker,player,standard,global,TRUE,TRUE,False,Checklist Insider,https://www.checklistinsider.com/2026-panini-fifa-world-cup-sticker,Player names are not populated in this structural MVP CSV.
337,GER8,main_album,team,main_checklist,GER,Germany,8,Player sticker,Player sticker,player,standard,global,TRUE,TRUE,False,Checklist Insider,https://www.checklistinsider.com/2026-panini-fifa-world-cup-sticker,Player names are not populated in this structural MVP CSV.
338,GER9,main_album,team,main_checklist,GER,Germany,9,Player sticker,Player sticker,player,standard,global,TRUE,TRUE,False,Checklist Insider,https://www.checklistinsider.com/2026-panini-fifa-world-cup-sticker,Player names are not populated in this structural MVP CSV.
339,GER10,main_album,team,main_checklist,GER,Germany,10,Player sticker,Player sticker,player,standard,global,TRUE,TRUE,False,Checklist Insider,https://www.checklistinsider.com/2026-panini-fifa-world-cup-sticker,Player names are not populated in this structural MVP CSV.
340,GER11,main_album,team,main_checklist,GER,Germany,11,Player sticker,Player sticker,player,standard,global,TRUE,TRUE,False,Checklist Insider,https://www.checklistinsider.com/2026-panini-fifa-world-cup-sticker,Player names are not populated in this structural MVP CSV.
341,GER12,main_album,team,main_checklist,GER,Germany,12,Player sticker,Player sticker,player,standard,global,TRUE,TRUE,False,Checklist Insider,https://www.checklistinsider.com/2026-panini-fifa-world-cup-sticker,Player names are not populated in this structural MVP CSV.
342,GER13,main_album,team,main_checklist,GER,Germany,13,Team Photo,,team_photo,standard,global,TRUE,TRUE,False,Checklist Insider,https://www.checklistinsider.com/2026-panini-fifa-world-cup-sticker,Player names are not populated in this structural MVP CSV.
343,GER14,main_album,team,main_checklist,GER,Germany,14,Player sticker,Player sticker,player,standard,global,TRUE,TRUE,False,Checklist Insider,https://www.checklistinsider.com/2026-panini-fifa-world-cup-sticker,Player names are not populated in this structural MVP CSV.
344,GER15,main_album,team,main_checklist,GER,Germany,15,Player sticker,Player sticker,player,standard,global,TRUE,TRUE,False,Checklist Insider,https://www.checklistinsider.com/2026-panini-fifa-world-cup-sticker,Player names are not populated in this structural MVP CSV.
345,GER16,main_album,team,main_checklist,GER,Germany,16,Player sticker,Player sticker,player,standard,global,TRUE,TRUE,False,Checklist Insider,https://www.checklistinsider.com/2026-panini-fifa-world-cup-sticker,Player names are not populated in this structural MVP CSV.
346,GER17,main_album,team,main_checklist,GER,Germany,17,Player sticker,Player sticker,player,standard,global,TRUE,TRUE,False,Checklist Insider,https://www.checklistinsider.com/2026-panini-fifa-world-cup-sticker,Player names are not populated in this structural MVP CSV.
347,GER18,main_album,team,main_checklist,GER,Germany,18,Player sticker,Player sticker,player,standard,global,TRUE,TRUE,False,Checklist Insider,https://www.checklistinsider.com/2026-panini-fifa-world-cup-sticker,Player names are not populated in this structural MVP CSV.
348,GER19,main_album,team,main_checklist,GER,Germany,19,Player sticker,Player sticker,player,standard,global,TRUE,TRUE,False,Checklist Insider,https://www.checklistinsider.com/2026-panini-fifa-world-cup-sticker,Player names are not populated in this structural MVP CSV.
349,GER20,main_album,team,main_checklist,GER,Germany,20,Player sticker,Player sticker,player,standard,global,TRUE,TRUE,False,Checklist Insider,https://www.checklistinsider.com/2026-panini-fifa-world-cup-sticker,Player names are not populated in this structural MVP CSV.
350,CUW1,main_album,team,main_checklist,CUW,Curaçao,1,Team Logo,,team_logo,standard,global,TRUE,TRUE,True,Checklist Insider,https://www.checklistinsider.com/2026-panini-fifa-world-cup-sticker,Player names are not populated in this structural MVP CSV.
351,CUW2,main_album,team,main_checklist,CUW,Curaçao,2,Player sticker,Player sticker,player,standard,global,TRUE,TRUE,False,Checklist Insider,https://www.checklistinsider.com/2026-panini-fifa-world-cup-sticker,Player names are not populated in this structural MVP CSV.
352,CUW3,main_album,team,main_checklist,CUW,Curaçao,3,Player sticker,Player sticker,player,standard,global,TRUE,TRUE,False,Checklist Insider,https://www.checklistinsider.com/2026-panini-fifa-world-cup-sticker,Player names are not populated in this structural MVP CSV.
353,CUW4,main_album,team,main_checklist,CUW,Curaçao,4,Player sticker,Player sticker,player,standard,global,TRUE,TRUE,False,Checklist Insider,https://www.checklistinsider.com/2026-panini-fifa-world-cup-sticker,Player names are not populated in this structural MVP CSV.
354,CUW5,main_album,team,main_checklist,CUW,Curaçao,5,Player sticker,Player sticker,player,standard,global,TRUE,TRUE,False,Checklist Insider,https://www.checklistinsider.com/2026-panini-fifa-world-cup-sticker,Player names are not populated in this structural MVP CSV.
355,CUW6,main_album,team,main_checklist,CUW,Curaçao,6,Player sticker,Player sticker,player,standard,global,TRUE,TRUE,False,Checklist Insider,https://www.checklistinsider.com/2026-panini-fifa-world-cup-sticker,Player names are not populated in this structural MVP CSV.
356,CUW7,main_album,team,main_checklist,CUW,Curaçao,7,Player sticker,Player sticker,player,standard,global,TRUE,TRUE,False,Checklist Insider,https://www.checklistinsider.com/2026-panini-fifa-world-cup-sticker,Player names are not populated in this structural MVP CSV.
357,CUW8,main_album,team,main_checklist,CUW,Curaçao,8,Player sticker,Player sticker,player,standard,global,TRUE,TRUE,False,Checklist Insider,https://www.checklistinsider.com/2026-panini-fifa-world-cup-sticker,Player names are not populated in this structural MVP CSV.
358,CUW9,main_album,team,main_checklist,CUW,Curaçao,9,Player sticker,Player sticker,player,standard,global,TRUE,TRUE,False,Checklist Insider,https://www.checklistinsider.com/2026-panini-fifa-world-cup-sticker,Player names are not populated in this structural MVP CSV.
359,CUW10,main_album,team,main_checklist,CUW,Curaçao,10,Player sticker,Player sticker,player,standard,global,TRUE,TRUE,False,Checklist Insider,https://www.checklistinsider.com/2026-panini-fifa-world-cup-sticker,Player names are not populated in this structural MVP CSV.
360,CUW11,main_album,team,main_checklist,CUW,Curaçao,11,Player sticker,Player sticker,player,standard,global,TRUE,TRUE,False,Checklist Insider,https://www.checklistinsider.com/2026-panini-fifa-world-cup-sticker,Player names are not populated in this structural MVP CSV.
361,CUW12,main_album,team,main_checklist,CUW,Curaçao,12,Player sticker,Player sticker,player,standard,global,TRUE,TRUE,False,Checklist Insider,https://www.checklistinsider.com/2026-panini-fifa-world-cup-sticker,Player names are not populated in this structural MVP CSV.
362,CUW13,main_album,team,main_checklist,CUW,Curaçao,13,Team Photo,,team_photo,standard,global,TRUE,TRUE,False,Checklist Insider,https://www.checklistinsider.com/2026-panini-fifa-world-cup-sticker,Player names are not populated in this structural MVP CSV.
363,CUW14,main_album,team,main_checklist,CUW,Curaçao,14,Player sticker,Player sticker,player,standard,global,TRUE,TRUE,False,Checklist Insider,https://www.checklistinsider.com/2026-panini-fifa-world-cup-sticker,Player names are not populated in this structural MVP CSV.
364,CUW15,main_album,team,main_checklist,CUW,Curaçao,15,Player sticker,Player sticker,player,standard,global,TRUE,TRUE,False,Checklist Insider,https://www.checklistinsider.com/2026-panini-fifa-world-cup-sticker,Player names are not populated in this structural MVP CSV.
365,CUW16,main_album,team,main_checklist,CUW,Curaçao,16,Player sticker,Player sticker,player,standard,global,TRUE,TRUE,False,Checklist Insider,https://www.checklistinsider.com/2026-panini-fifa-world-cup-sticker,Player names are not populated in this structural MVP CSV.
366,CUW17,main_album,team,main_checklist,CUW,Curaçao,17,Player sticker,Player sticker,player,standard,global,TRUE,TRUE,False,Checklist Insider,https://www.checklistinsider.com/2026-panini-fifa-world-cup-sticker,Player names are not populated in this structural MVP CSV.
367,CUW18,main_album,team,main_checklist,CUW,Curaçao,18,Player sticker,Player sticker,player,standard,global,TRUE,TRUE,False,Checklist Insider,https://www.checklistinsider.com/2026-panini-fifa-world-cup-sticker,Player names are not populated in this structural MVP CSV.
368,CUW19,main_album,team,main_checklist,CUW,Curaçao,19,Player sticker,Player sticker,player,standard,global,TRUE,TRUE,False,Checklist Insider,https://www.checklistinsider.com/2026-panini-fifa-world-cup-sticker,Player names are not populated in this structural MVP CSV.
369,CUW20,main_album,team,main_checklist,CUW,Curaçao,20,Player sticker,Player sticker,player,standard,global,TRUE,TRUE,False,Checklist Insider,https://www.checklistinsider.com/2026-panini-fifa-world-cup-sticker,Player names are not populated in this structural MVP CSV.
370,CIV1,main_album,team,main_checklist,CIV,Ivory Coast,1,Team Logo,,team_logo,standard,global,TRUE,TRUE,True,Checklist Insider,https://www.checklistinsider.com/2026-panini-fifa-world-cup-sticker,Player names are not populated in this structural MVP CSV.
371,CIV2,main_album,team,main_checklist,CIV,Ivory Coast,2,Player sticker,Player sticker,player,standard,global,TRUE,TRUE,False,Checklist Insider,https://www.checklistinsider.com/2026-panini-fifa-world-cup-sticker,Player names are not populated in this structural MVP CSV.
372,CIV3,main_album,team,main_checklist,CIV,Ivory Coast,3,Player sticker,Player sticker,player,standard,global,TRUE,TRUE,False,Checklist Insider,https://www.checklistinsider.com/2026-panini-fifa-world-cup-sticker,Player names are not populated in this structural MVP CSV.
373,CIV4,main_album,team,main_checklist,CIV,Ivory Coast,4,Player sticker,Player sticker,player,standard,global,TRUE,TRUE,False,Checklist Insider,https://www.checklistinsider.com/2026-panini-fifa-world-cup-sticker,Player names are not populated in this structural MVP CSV.
374,CIV5,main_album,team,main_checklist,CIV,Ivory Coast,5,Player sticker,Player sticker,player,standard,global,TRUE,TRUE,False,Checklist Insider,https://www.checklistinsider.com/2026-panini-fifa-world-cup-sticker,Player names are not populated in this structural MVP CSV.
375,CIV6,main_album,team,main_checklist,CIV,Ivory Coast,6,Player sticker,Player sticker,player,standard,global,TRUE,TRUE,False,Checklist Insider,https://www.checklistinsider.com/2026-panini-fifa-world-cup-sticker,Player names are not populated in this structural MVP CSV.
376,CIV7,main_album,team,main_checklist,CIV,Ivory Coast,7,Player sticker,Player sticker,player,standard,global,TRUE,TRUE,False,Checklist Insider,https://www.checklistinsider.com/2026-panini-fifa-world-cup-sticker,Player names are not populated in this structural MVP CSV.
377,CIV8,main_album,team,main_checklist,CIV,Ivory Coast,8,Player sticker,Player sticker,player,standard,global,TRUE,TRUE,False,Checklist Insider,https://www.checklistinsider.com/2026-panini-fifa-world-cup-sticker,Player names are not populated in this structural MVP CSV.
378,CIV9,main_album,team,main_checklist,CIV,Ivory Coast,9,Player sticker,Player sticker,player,standard,global,TRUE,TRUE,False,Checklist Insider,https://www.checklistinsider.com/2026-panini-fifa-world-cup-sticker,Player names are not populated in this structural MVP CSV.
379,CIV10,main_album,team,main_checklist,CIV,Ivory Coast,10,Player sticker,Player sticker,player,standard,global,TRUE,TRUE,False,Checklist Insider,https://www.checklistinsider.com/2026-panini-fifa-world-cup-sticker,Player names are not populated in this structural MVP CSV.
380,CIV11,main_album,team,main_checklist,CIV,Ivory Coast,11,Player sticker,Player sticker,player,standard,global,TRUE,TRUE,False,Checklist Insider,https://www.checklistinsider.com/2026-panini-fifa-world-cup-sticker,Player names are not populated in this structural MVP CSV.
381,CIV12,main_album,team,main_checklist,CIV,Ivory Coast,12,Player sticker,Player sticker,player,standard,global,TRUE,TRUE,False,Checklist Insider,https://www.checklistinsider.com/2026-panini-fifa-world-cup-sticker,Player names are not populated in this structural MVP CSV.
382,CIV13,main_album,team,main_checklist,CIV,Ivory Coast,13,Team Photo,,team_photo,standard,global,TRUE,TRUE,False,Checklist Insider,https://www.checklistinsider.com/2026-panini-fifa-world-cup-sticker,Player names are not populated in this structural MVP CSV.
383,CIV14,main_album,team,main_checklist,CIV,Ivory Coast,14,Player sticker,Player sticker,player,standard,global,TRUE,TRUE,False,Checklist Insider,https://www.checklistinsider.com/2026-panini-fifa-world-cup-sticker,Player names are not populated in this structural MVP CSV.
384,CIV15,main_album,team,main_checklist,CIV,Ivory Coast,15,Player sticker,Player sticker,player,standard,global,TRUE,TRUE,False,Checklist Insider,https://www.checklistinsider.com/2026-panini-fifa-world-cup-sticker,Player names are not populated in this structural MVP CSV.
385,CIV16,main_album,team,main_checklist,CIV,Ivory Coast,16,Player sticker,Player sticker,player,standard,global,TRUE,TRUE,False,Checklist Insider,https://www.checklistinsider.com/2026-panini-fifa-world-cup-sticker,Player names are not populated in this structural MVP CSV.
386,CIV17,main_album,team,main_checklist,CIV,Ivory Coast,17,Player sticker,Player sticker,player,standard,global,TRUE,TRUE,False,Checklist Insider,https://www.checklistinsider.com/2026-panini-fifa-world-cup-sticker,Player names are not populated in this structural MVP CSV.
387,CIV18,main_album,team,main_checklist,CIV,Ivory Coast,18,Player sticker,Player sticker,player,standard,global,TRUE,TRUE,False,Checklist Insider,https://www.checklistinsider.com/2026-panini-fifa-world-cup-sticker,Player names are not populated in this structural MVP CSV.
388,CIV19,main_album,team,main_checklist,CIV,Ivory Coast,19,Player sticker,Player sticker,player,standard,global,TRUE,TRUE,False,Checklist Insider,https://www.checklistinsider.com/2026-panini-fifa-world-cup-sticker,Player names are not populated in this structural MVP CSV.
389,CIV20,main_album,team,main_checklist,CIV,Ivory Coast,20,Player sticker,Player sticker,player,standard,global,TRUE,TRUE,False,Checklist Insider,https://www.checklistinsider.com/2026-panini-fifa-world-cup-sticker,Player names are not populated in this structural MVP CSV.
390,ECU1,main_album,team,main_checklist,ECU,Ecuador,1,Team Logo,,team_logo,standard,global,TRUE,TRUE,True,Checklist Insider,https://www.checklistinsider.com/2026-panini-fifa-world-cup-sticker,Player names are not populated in this structural MVP CSV.
391,ECU2,main_album,team,main_checklist,ECU,Ecuador,2,Player sticker,Player sticker,player,standard,global,TRUE,TRUE,False,Checklist Insider,https://www.checklistinsider.com/2026-panini-fifa-world-cup-sticker,Player names are not populated in this structural MVP CSV.
392,ECU3,main_album,team,main_checklist,ECU,Ecuador,3,Player sticker,Player sticker,player,standard,global,TRUE,TRUE,False,Checklist Insider,https://www.checklistinsider.com/2026-panini-fifa-world-cup-sticker,Player names are not populated in this structural MVP CSV.
393,ECU4,main_album,team,main_checklist,ECU,Ecuador,4,Player sticker,Player sticker,player,standard,global,TRUE,TRUE,False,Checklist Insider,https://www.checklistinsider.com/2026-panini-fifa-world-cup-sticker,Player names are not populated in this structural MVP CSV.
394,ECU5,main_album,team,main_checklist,ECU,Ecuador,5,Player sticker,Player sticker,player,standard,global,TRUE,TRUE,False,Checklist Insider,https://www.checklistinsider.com/2026-panini-fifa-world-cup-sticker,Player names are not populated in this structural MVP CSV.
395,ECU6,main_album,team,main_checklist,ECU,Ecuador,6,Player sticker,Player sticker,player,standard,global,TRUE,TRUE,False,Checklist Insider,https://www.checklistinsider.com/2026-panini-fifa-world-cup-sticker,Player names are not populated in this structural MVP CSV.
396,ECU7,main_album,team,main_checklist,ECU,Ecuador,7,Player sticker,Player sticker,player,standard,global,TRUE,TRUE,False,Checklist Insider,https://www.checklistinsider.com/2026-panini-fifa-world-cup-sticker,Player names are not populated in this structural MVP CSV.
397,ECU8,main_album,team,main_checklist,ECU,Ecuador,8,Player sticker,Player sticker,player,standard,global,TRUE,TRUE,False,Checklist Insider,https://www.checklistinsider.com/2026-panini-fifa-world-cup-sticker,Player names are not populated in this structural MVP CSV.
398,ECU9,main_album,team,main_checklist,ECU,Ecuador,9,Player sticker,Player sticker,player,standard,global,TRUE,TRUE,False,Checklist Insider,https://www.checklistinsider.com/2026-panini-fifa-world-cup-sticker,Player names are not populated in this structural MVP CSV.
399,ECU10,main_album,team,main_checklist,ECU,Ecuador,10,Player sticker,Player sticker,player,standard,global,TRUE,TRUE,False,Checklist Insider,https://www.checklistinsider.com/2026-panini-fifa-world-cup-sticker,Player names are not populated in this structural MVP CSV.
400,ECU11,main_album,team,main_checklist,ECU,Ecuador,11,Player sticker,Player sticker,player,standard,global,TRUE,TRUE,False,Checklist Insider,https://www.checklistinsider.com/2026-panini-fifa-world-cup-sticker,Player names are not populated in this structural MVP CSV.
401,ECU12,main_album,team,main_checklist,ECU,Ecuador,12,Player sticker,Player sticker,player,standard,global,TRUE,TRUE,False,Checklist Insider,https://www.checklistinsider.com/2026-panini-fifa-world-cup-sticker,Player names are not populated in this structural MVP CSV.
402,ECU13,main_album,team,main_checklist,ECU,Ecuador,13,Team Photo,,team_photo,standard,global,TRUE,TRUE,False,Checklist Insider,https://www.checklistinsider.com/2026-panini-fifa-world-cup-sticker,Player names are not populated in this structural MVP CSV.
403,ECU14,main_album,team,main_checklist,ECU,Ecuador,14,Player sticker,Player sticker,player,standard,global,TRUE,TRUE,False,Checklist Insider,https://www.checklistinsider.com/2026-panini-fifa-world-cup-sticker,Player names are not populated in this structural MVP CSV.
404,ECU15,main_album,team,main_checklist,ECU,Ecuador,15,Player sticker,Player sticker,player,standard,global,TRUE,TRUE,False,Checklist Insider,https://www.checklistinsider.com/2026-panini-fifa-world-cup-sticker,Player names are not populated in this structural MVP CSV.
405,ECU16,main_album,team,main_checklist,ECU,Ecuador,16,Player sticker,Player sticker,player,standard,global,TRUE,TRUE,False,Checklist Insider,https://www.checklistinsider.com/2026-panini-fifa-world-cup-sticker,Player names are not populated in this structural MVP CSV.
406,ECU17,main_album,team,main_checklist,ECU,Ecuador,17,Player sticker,Player sticker,player,standard,global,TRUE,TRUE,False,Checklist Insider,https://www.checklistinsider.com/2026-panini-fifa-world-cup-sticker,Player names are not populated in this structural MVP CSV.
407,ECU18,main_album,team,main_checklist,ECU,Ecuador,18,Player sticker,Player sticker,player,standard,global,TRUE,TRUE,False,Checklist Insider,https://www.checklistinsider.com/2026-panini-fifa-world-cup-sticker,Player names are not populated in this structural MVP CSV.
408,ECU19,main_album,team,main_checklist,ECU,Ecuador,19,Player sticker,Player sticker,player,standard,global,TRUE,TRUE,False,Checklist Insider,https://www.checklistinsider.com/2026-panini-fifa-world-cup-sticker,Player names are not populated in this structural MVP CSV.
409,ECU20,main_album,team,main_checklist,ECU,Ecuador,20,Player sticker,Player sticker,player,standard,global,TRUE,TRUE,False,Checklist Insider,https://www.checklistinsider.com/2026-panini-fifa-world-cup-sticker,Player names are not populated in this structural MVP CSV.
410,NED1,main_album,team,main_checklist,NED,Netherlands,1,Team Logo,,team_logo,standard,global,TRUE,TRUE,True,Checklist Insider,https://www.checklistinsider.com/2026-panini-fifa-world-cup-sticker,Player names are not populated in this structural MVP CSV.
411,NED2,main_album,team,main_checklist,NED,Netherlands,2,Player sticker,Player sticker,player,standard,global,TRUE,TRUE,False,Checklist Insider,https://www.checklistinsider.com/2026-panini-fifa-world-cup-sticker,Player names are not populated in this structural MVP CSV.
412,NED3,main_album,team,main_checklist,NED,Netherlands,3,Player sticker,Player sticker,player,standard,global,TRUE,TRUE,False,Checklist Insider,https://www.checklistinsider.com/2026-panini-fifa-world-cup-sticker,Player names are not populated in this structural MVP CSV.
413,NED4,main_album,team,main_checklist,NED,Netherlands,4,Player sticker,Player sticker,player,standard,global,TRUE,TRUE,False,Checklist Insider,https://www.checklistinsider.com/2026-panini-fifa-world-cup-sticker,Player names are not populated in this structural MVP CSV.
414,NED5,main_album,team,main_checklist,NED,Netherlands,5,Player sticker,Player sticker,player,standard,global,TRUE,TRUE,False,Checklist Insider,https://www.checklistinsider.com/2026-panini-fifa-world-cup-sticker,Player names are not populated in this structural MVP CSV.
415,NED6,main_album,team,main_checklist,NED,Netherlands,6,Player sticker,Player sticker,player,standard,global,TRUE,TRUE,False,Checklist Insider,https://www.checklistinsider.com/2026-panini-fifa-world-cup-sticker,Player names are not populated in this structural MVP CSV.
416,NED7,main_album,team,main_checklist,NED,Netherlands,7,Player sticker,Player sticker,player,standard,global,TRUE,TRUE,False,Checklist Insider,https://www.checklistinsider.com/2026-panini-fifa-world-cup-sticker,Player names are not populated in this structural MVP CSV.
417,NED8,main_album,team,main_checklist,NED,Netherlands,8,Player sticker,Player sticker,player,standard,global,TRUE,TRUE,False,Checklist Insider,https://www.checklistinsider.com/2026-panini-fifa-world-cup-sticker,Player names are not populated in this structural MVP CSV.
418,NED9,main_album,team,main_checklist,NED,Netherlands,9,Player sticker,Player sticker,player,standard,global,TRUE,TRUE,False,Checklist Insider,https://www.checklistinsider.com/2026-panini-fifa-world-cup-sticker,Player names are not populated in this structural MVP CSV.
419,NED10,main_album,team,main_checklist,NED,Netherlands,10,Player sticker,Player sticker,player,standard,global,TRUE,TRUE,False,Checklist Insider,https://www.checklistinsider.com/2026-panini-fifa-world-cup-sticker,Player names are not populated in this structural MVP CSV.
420,NED11,main_album,team,main_checklist,NED,Netherlands,11,Player sticker,Player sticker,player,standard,global,TRUE,TRUE,False,Checklist Insider,https://www.checklistinsider.com/2026-panini-fifa-world-cup-sticker,Player names are not populated in this structural MVP CSV.
421,NED12,main_album,team,main_checklist,NED,Netherlands,12,Player sticker,Player sticker,player,standard,global,TRUE,TRUE,False,Checklist Insider,https://www.checklistinsider.com/2026-panini-fifa-world-cup-sticker,Player names are not populated in this structural MVP CSV.
422,NED13,main_album,team,main_checklist,NED,Netherlands,13,Team Photo,,team_photo,standard,global,TRUE,TRUE,False,Checklist Insider,https://www.checklistinsider.com/2026-panini-fifa-world-cup-sticker,Player names are not populated in this structural MVP CSV.
423,NED14,main_album,team,main_checklist,NED,Netherlands,14,Player sticker,Player sticker,player,standard,global,TRUE,TRUE,False,Checklist Insider,https://www.checklistinsider.com/2026-panini-fifa-world-cup-sticker,Player names are not populated in this structural MVP CSV.
424,NED15,main_album,team,main_checklist,NED,Netherlands,15,Player sticker,Player sticker,player,standard,global,TRUE,TRUE,False,Checklist Insider,https://www.checklistinsider.com/2026-panini-fifa-world-cup-sticker,Player names are not populated in this structural MVP CSV.
425,NED16,main_album,team,main_checklist,NED,Netherlands,16,Player sticker,Player sticker,player,standard,global,TRUE,TRUE,False,Checklist Insider,https://www.checklistinsider.com/2026-panini-fifa-world-cup-sticker,Player names are not populated in this structural MVP CSV.
426,NED17,main_album,team,main_checklist,NED,Netherlands,17,Player sticker,Player sticker,player,standard,global,TRUE,TRUE,False,Checklist Insider,https://www.checklistinsider.com/2026-panini-fifa-world-cup-sticker,Player names are not populated in this structural MVP CSV.
427,NED18,main_album,team,main_checklist,NED,Netherlands,18,Player sticker,Player sticker,player,standard,global,TRUE,TRUE,False,Checklist Insider,https://www.checklistinsider.com/2026-panini-fifa-world-cup-sticker,Player names are not populated in this structural MVP CSV.
428,NED19,main_album,team,main_checklist,NED,Netherlands,19,Player sticker,Player sticker,player,standard,global,TRUE,TRUE,False,Checklist Insider,https://www.checklistinsider.com/2026-panini-fifa-world-cup-sticker,Player names are not populated in this structural MVP CSV.
429,NED20,main_album,team,main_checklist,NED,Netherlands,20,Player sticker,Player sticker,player,standard,global,TRUE,TRUE,False,Checklist Insider,https://www.checklistinsider.com/2026-panini-fifa-world-cup-sticker,Player names are not populated in this structural MVP CSV.
430,JPN1,main_album,team,main_checklist,JPN,Japan,1,Team Logo,,team_logo,standard,global,TRUE,TRUE,True,Checklist Insider,https://www.checklistinsider.com/2026-panini-fifa-world-cup-sticker,Player names are not populated in this structural MVP CSV.
431,JPN2,main_album,team,main_checklist,JPN,Japan,2,Player sticker,Player sticker,player,standard,global,TRUE,TRUE,False,Checklist Insider,https://www.checklistinsider.com/2026-panini-fifa-world-cup-sticker,Player names are not populated in this structural MVP CSV.
432,JPN3,main_album,team,main_checklist,JPN,Japan,3,Player sticker,Player sticker,player,standard,global,TRUE,TRUE,False,Checklist Insider,https://www.checklistinsider.com/2026-panini-fifa-world-cup-sticker,Player names are not populated in this structural MVP CSV.
433,JPN4,main_album,team,main_checklist,JPN,Japan,4,Player sticker,Player sticker,player,standard,global,TRUE,TRUE,False,Checklist Insider,https://www.checklistinsider.com/2026-panini-fifa-world-cup-sticker,Player names are not populated in this structural MVP CSV.
434,JPN5,main_album,team,main_checklist,JPN,Japan,5,Player sticker,Player sticker,player,standard,global,TRUE,TRUE,False,Checklist Insider,https://www.checklistinsider.com/2026-panini-fifa-world-cup-sticker,Player names are not populated in this structural MVP CSV.
435,JPN6,main_album,team,main_checklist,JPN,Japan,6,Player sticker,Player sticker,player,standard,global,TRUE,TRUE,False,Checklist Insider,https://www.checklistinsider.com/2026-panini-fifa-world-cup-sticker,Player names are not populated in this structural MVP CSV.
436,JPN7,main_album,team,main_checklist,JPN,Japan,7,Player sticker,Player sticker,player,standard,global,TRUE,TRUE,False,Checklist Insider,https://www.checklistinsider.com/2026-panini-fifa-world-cup-sticker,Player names are not populated in this structural MVP CSV.
437,JPN8,main_album,team,main_checklist,JPN,Japan,8,Player sticker,Player sticker,player,standard,global,TRUE,TRUE,False,Checklist Insider,https://www.checklistinsider.com/2026-panini-fifa-world-cup-sticker,Player names are not populated in this structural MVP CSV.
438,JPN9,main_album,team,main_checklist,JPN,Japan,9,Player sticker,Player sticker,player,standard,global,TRUE,TRUE,False,Checklist Insider,https://www.checklistinsider.com/2026-panini-fifa-world-cup-sticker,Player names are not populated in this structural MVP CSV.
439,JPN10,main_album,team,main_checklist,JPN,Japan,10,Player sticker,Player sticker,player,standard,global,TRUE,TRUE,False,Checklist Insider,https://www.checklistinsider.com/2026-panini-fifa-world-cup-sticker,Player names are not populated in this structural MVP CSV.
440,JPN11,main_album,team,main_checklist,JPN,Japan,11,Player sticker,Player sticker,player,standard,global,TRUE,TRUE,False,Checklist Insider,https://www.checklistinsider.com/2026-panini-fifa-world-cup-sticker,Player names are not populated in this structural MVP CSV.
441,JPN12,main_album,team,main_checklist,JPN,Japan,12,Player sticker,Player sticker,player,standard,global,TRUE,TRUE,False,Checklist Insider,https://www.checklistinsider.com/2026-panini-fifa-world-cup-sticker,Player names are not populated in this structural MVP CSV.
442,JPN13,main_album,team,main_checklist,JPN,Japan,13,Team Photo,,team_photo,standard,global,TRUE,TRUE,False,Checklist Insider,https://www.checklistinsider.com/2026-panini-fifa-world-cup-sticker,Player names are not populated in this structural MVP CSV.
443,JPN14,main_album,team,main_checklist,JPN,Japan,14,Player sticker,Player sticker,player,standard,global,TRUE,TRUE,False,Checklist Insider,https://www.checklistinsider.com/2026-panini-fifa-world-cup-sticker,Player names are not populated in this structural MVP CSV.
444,JPN15,main_album,team,main_checklist,JPN,Japan,15,Player sticker,Player sticker,player,standard,global,TRUE,TRUE,False,Checklist Insider,https://www.checklistinsider.com/2026-panini-fifa-world-cup-sticker,Player names are not populated in this structural MVP CSV.
445,JPN16,main_album,team,main_checklist,JPN,Japan,16,Player sticker,Player sticker,player,standard,global,TRUE,TRUE,False,Checklist Insider,https://www.checklistinsider.com/2026-panini-fifa-world-cup-sticker,Player names are not populated in this structural MVP CSV.
446,JPN17,main_album,team,main_checklist,JPN,Japan,17,Player sticker,Player sticker,player,standard,global,TRUE,TRUE,False,Checklist Insider,https://www.checklistinsider.com/2026-panini-fifa-world-cup-sticker,Player names are not populated in this structural MVP CSV.
447,JPN18,main_album,team,main_checklist,JPN,Japan,18,Player sticker,Player sticker,player,standard,global,TRUE,TRUE,False,Checklist Insider,https://www.checklistinsider.com/2026-panini-fifa-world-cup-sticker,Player names are not populated in this structural MVP CSV.
448,JPN19,main_album,team,main_checklist,JPN,Japan,19,Player sticker,Player sticker,player,standard,global,TRUE,TRUE,False,Checklist Insider,https://www.checklistinsider.com/2026-panini-fifa-world-cup-sticker,Player names are not populated in this structural MVP CSV.
449,JPN20,main_album,team,main_checklist,JPN,Japan,20,Player sticker,Player sticker,player,standard,global,TRUE,TRUE,False,Checklist Insider,https://www.checklistinsider.com/2026-panini-fifa-world-cup-sticker,Player names are not populated in this structural MVP CSV.
450,SWE1,main_album,team,main_checklist,SWE,Sweden,1,Team Logo,,team_logo,standard,global,TRUE,TRUE,True,Checklist Insider,https://www.checklistinsider.com/2026-panini-fifa-world-cup-sticker,Player names are not populated in this structural MVP CSV.
451,SWE2,main_album,team,main_checklist,SWE,Sweden,2,Player sticker,Player sticker,player,standard,global,TRUE,TRUE,False,Checklist Insider,https://www.checklistinsider.com/2026-panini-fifa-world-cup-sticker,Player names are not populated in this structural MVP CSV.
452,SWE3,main_album,team,main_checklist,SWE,Sweden,3,Player sticker,Player sticker,player,standard,global,TRUE,TRUE,False,Checklist Insider,https://www.checklistinsider.com/2026-panini-fifa-world-cup-sticker,Player names are not populated in this structural MVP CSV.
453,SWE4,main_album,team,main_checklist,SWE,Sweden,4,Player sticker,Player sticker,player,standard,global,TRUE,TRUE,False,Checklist Insider,https://www.checklistinsider.com/2026-panini-fifa-world-cup-sticker,Player names are not populated in this structural MVP CSV.
454,SWE5,main_album,team,main_checklist,SWE,Sweden,5,Player sticker,Player sticker,player,standard,global,TRUE,TRUE,False,Checklist Insider,https://www.checklistinsider.com/2026-panini-fifa-world-cup-sticker,Player names are not populated in this structural MVP CSV.
455,SWE6,main_album,team,main_checklist,SWE,Sweden,6,Player sticker,Player sticker,player,standard,global,TRUE,TRUE,False,Checklist Insider,https://www.checklistinsider.com/2026-panini-fifa-world-cup-sticker,Player names are not populated in this structural MVP CSV.
456,SWE7,main_album,team,main_checklist,SWE,Sweden,7,Player sticker,Player sticker,player,standard,global,TRUE,TRUE,False,Checklist Insider,https://www.checklistinsider.com/2026-panini-fifa-world-cup-sticker,Player names are not populated in this structural MVP CSV.
457,SWE8,main_album,team,main_checklist,SWE,Sweden,8,Player sticker,Player sticker,player,standard,global,TRUE,TRUE,False,Checklist Insider,https://www.checklistinsider.com/2026-panini-fifa-world-cup-sticker,Player names are not populated in this structural MVP CSV.
458,SWE9,main_album,team,main_checklist,SWE,Sweden,9,Player sticker,Player sticker,player,standard,global,TRUE,TRUE,False,Checklist Insider,https://www.checklistinsider.com/2026-panini-fifa-world-cup-sticker,Player names are not populated in this structural MVP CSV.
459,SWE10,main_album,team,main_checklist,SWE,Sweden,10,Player sticker,Player sticker,player,standard,global,TRUE,TRUE,False,Checklist Insider,https://www.checklistinsider.com/2026-panini-fifa-world-cup-sticker,Player names are not populated in this structural MVP CSV.
460,SWE11,main_album,team,main_checklist,SWE,Sweden,11,Player sticker,Player sticker,player,standard,global,TRUE,TRUE,False,Checklist Insider,https://www.checklistinsider.com/2026-panini-fifa-world-cup-sticker,Player names are not populated in this structural MVP CSV.
461,SWE12,main_album,team,main_checklist,SWE,Sweden,12,Player sticker,Player sticker,player,standard,global,TRUE,TRUE,False,Checklist Insider,https://www.checklistinsider.com/2026-panini-fifa-world-cup-sticker,Player names are not populated in this structural MVP CSV.
462,SWE13,main_album,team,main_checklist,SWE,Sweden,13,Team Photo,,team_photo,standard,global,TRUE,TRUE,False,Checklist Insider,https://www.checklistinsider.com/2026-panini-fifa-world-cup-sticker,Player names are not populated in this structural MVP CSV.
463,SWE14,main_album,team,main_checklist,SWE,Sweden,14,Player sticker,Player sticker,player,standard,global,TRUE,TRUE,False,Checklist Insider,https://www.checklistinsider.com/2026-panini-fifa-world-cup-sticker,Player names are not populated in this structural MVP CSV.
464,SWE15,main_album,team,main_checklist,SWE,Sweden,15,Player sticker,Player sticker,player,standard,global,TRUE,TRUE,False,Checklist Insider,https://www.checklistinsider.com/2026-panini-fifa-world-cup-sticker,Player names are not populated in this structural MVP CSV.
465,SWE16,main_album,team,main_checklist,SWE,Sweden,16,Player sticker,Player sticker,player,standard,global,TRUE,TRUE,False,Checklist Insider,https://www.checklistinsider.com/2026-panini-fifa-world-cup-sticker,Player names are not populated in this structural MVP CSV.
466,SWE17,main_album,team,main_checklist,SWE,Sweden,17,Player sticker,Player sticker,player,standard,global,TRUE,TRUE,False,Checklist Insider,https://www.checklistinsider.com/2026-panini-fifa-world-cup-sticker,Player names are not populated in this structural MVP CSV.
467,SWE18,main_album,team,main_checklist,SWE,Sweden,18,Player sticker,Player sticker,player,standard,global,TRUE,TRUE,False,Checklist Insider,https://www.checklistinsider.com/2026-panini-fifa-world-cup-sticker,Player names are not populated in this structural MVP CSV.
468,SWE19,main_album,team,main_checklist,SWE,Sweden,19,Player sticker,Player sticker,player,standard,global,TRUE,TRUE,False,Checklist Insider,https://www.checklistinsider.com/2026-panini-fifa-world-cup-sticker,Player names are not populated in this structural MVP CSV.
469,SWE20,main_album,team,main_checklist,SWE,Sweden,20,Player sticker,Player sticker,player,standard,global,TRUE,TRUE,False,Checklist Insider,https://www.checklistinsider.com/2026-panini-fifa-world-cup-sticker,Player names are not populated in this structural MVP CSV.
470,TUN1,main_album,team,main_checklist,TUN,Tunisia,1,Team Logo,,team_logo,standard,global,TRUE,TRUE,True,Checklist Insider,https://www.checklistinsider.com/2026-panini-fifa-world-cup-sticker,Player names are not populated in this structural MVP CSV.
471,TUN2,main_album,team,main_checklist,TUN,Tunisia,2,Player sticker,Player sticker,player,standard,global,TRUE,TRUE,False,Checklist Insider,https://www.checklistinsider.com/2026-panini-fifa-world-cup-sticker,Player names are not populated in this structural MVP CSV.
472,TUN3,main_album,team,main_checklist,TUN,Tunisia,3,Player sticker,Player sticker,player,standard,global,TRUE,TRUE,False,Checklist Insider,https://www.checklistinsider.com/2026-panini-fifa-world-cup-sticker,Player names are not populated in this structural MVP CSV.
473,TUN4,main_album,team,main_checklist,TUN,Tunisia,4,Player sticker,Player sticker,player,standard,global,TRUE,TRUE,False,Checklist Insider,https://www.checklistinsider.com/2026-panini-fifa-world-cup-sticker,Player names are not populated in this structural MVP CSV.
474,TUN5,main_album,team,main_checklist,TUN,Tunisia,5,Player sticker,Player sticker,player,standard,global,TRUE,TRUE,False,Checklist Insider,https://www.checklistinsider.com/2026-panini-fifa-world-cup-sticker,Player names are not populated in this structural MVP CSV.
475,TUN6,main_album,team,main_checklist,TUN,Tunisia,6,Player sticker,Player sticker,player,standard,global,TRUE,TRUE,False,Checklist Insider,https://www.checklistinsider.com/2026-panini-fifa-world-cup-sticker,Player names are not populated in this structural MVP CSV.
476,TUN7,main_album,team,main_checklist,TUN,Tunisia,7,Player sticker,Player sticker,player,standard,global,TRUE,TRUE,False,Checklist Insider,https://www.checklistinsider.com/2026-panini-fifa-world-cup-sticker,Player names are not populated in this structural MVP CSV.
477,TUN8,main_album,team,main_checklist,TUN,Tunisia,8,Player sticker,Player sticker,player,standard,global,TRUE,TRUE,False,Checklist Insider,https://www.checklistinsider.com/2026-panini-fifa-world-cup-sticker,Player names are not populated in this structural MVP CSV.
478,TUN9,main_album,team,main_checklist,TUN,Tunisia,9,Player sticker,Player sticker,player,standard,global,TRUE,TRUE,False,Checklist Insider,https://www.checklistinsider.com/2026-panini-fifa-world-cup-sticker,Player names are not populated in this structural MVP CSV.
479,TUN10,main_album,team,main_checklist,TUN,Tunisia,10,Player sticker,Player sticker,player,standard,global,TRUE,TRUE,False,Checklist Insider,https://www.checklistinsider.com/2026-panini-fifa-world-cup-sticker,Player names are not populated in this structural MVP CSV.
480,TUN11,main_album,team,main_checklist,TUN,Tunisia,11,Player sticker,Player sticker,player,standard,global,TRUE,TRUE,False,Checklist Insider,https://www.checklistinsider.com/2026-panini-fifa-world-cup-sticker,Player names are not populated in this structural MVP CSV.
481,TUN12,main_album,team,main_checklist,TUN,Tunisia,12,Player sticker,Player sticker,player,standard,global,TRUE,TRUE,False,Checklist Insider,https://www.checklistinsider.com/2026-panini-fifa-world-cup-sticker,Player names are not populated in this structural MVP CSV.
482,TUN13,main_album,team,main_checklist,TUN,Tunisia,13,Team Photo,,team_photo,standard,global,TRUE,TRUE,False,Checklist Insider,https://www.checklistinsider.com/2026-panini-fifa-world-cup-sticker,Player names are not populated in this structural MVP CSV.
483,TUN14,main_album,team,main_checklist,TUN,Tunisia,14,Player sticker,Player sticker,player,standard,global,TRUE,TRUE,False,Checklist Insider,https://www.checklistinsider.com/2026-panini-fifa-world-cup-sticker,Player names are not populated in this structural MVP CSV.
484,TUN15,main_album,team,main_checklist,TUN,Tunisia,15,Player sticker,Player sticker,player,standard,global,TRUE,TRUE,False,Checklist Insider,https://www.checklistinsider.com/2026-panini-fifa-world-cup-sticker,Player names are not populated in this structural MVP CSV.
485,TUN16,main_album,team,main_checklist,TUN,Tunisia,16,Player sticker,Player sticker,player,standard,global,TRUE,TRUE,False,Checklist Insider,https://www.checklistinsider.com/2026-panini-fifa-world-cup-sticker,Player names are not populated in this structural MVP CSV.
486,TUN17,main_album,team,main_checklist,TUN,Tunisia,17,Player sticker,Player sticker,player,standard,global,TRUE,TRUE,False,Checklist Insider,https://www.checklistinsider.com/2026-panini-fifa-world-cup-sticker,Player names are not populated in this structural MVP CSV.
487,TUN18,main_album,team,main_checklist,TUN,Tunisia,18,Player sticker,Player sticker,player,standard,global,TRUE,TRUE,False,Checklist Insider,https://www.checklistinsider.com/2026-panini-fifa-world-cup-sticker,Player names are not populated in this structural MVP CSV.
488,TUN19,main_album,team,main_checklist,TUN,Tunisia,19,Player sticker,Player sticker,player,standard,global,TRUE,TRUE,False,Checklist Insider,https://www.checklistinsider.com/2026-panini-fifa-world-cup-sticker,Player names are not populated in this structural MVP CSV.
489,TUN20,main_album,team,main_checklist,TUN,Tunisia,20,Player sticker,Player sticker,player,standard,global,TRUE,TRUE,False,Checklist Insider,https://www.checklistinsider.com/2026-panini-fifa-world-cup-sticker,Player names are not populated in this structural MVP CSV.
490,BEL1,main_album,team,main_checklist,BEL,Belgium,1,Team Logo,,team_logo,standard,global,TRUE,TRUE,True,Checklist Insider,https://www.checklistinsider.com/2026-panini-fifa-world-cup-sticker,Player names are not populated in this structural MVP CSV.
491,BEL2,main_album,team,main_checklist,BEL,Belgium,2,Player sticker,Player sticker,player,standard,global,TRUE,TRUE,False,Checklist Insider,https://www.checklistinsider.com/2026-panini-fifa-world-cup-sticker,Player names are not populated in this structural MVP CSV.
492,BEL3,main_album,team,main_checklist,BEL,Belgium,3,Player sticker,Player sticker,player,standard,global,TRUE,TRUE,False,Checklist Insider,https://www.checklistinsider.com/2026-panini-fifa-world-cup-sticker,Player names are not populated in this structural MVP CSV.
493,BEL4,main_album,team,main_checklist,BEL,Belgium,4,Player sticker,Player sticker,player,standard,global,TRUE,TRUE,False,Checklist Insider,https://www.checklistinsider.com/2026-panini-fifa-world-cup-sticker,Player names are not populated in this structural MVP CSV.
494,BEL5,main_album,team,main_checklist,BEL,Belgium,5,Player sticker,Player sticker,player,standard,global,TRUE,TRUE,False,Checklist Insider,https://www.checklistinsider.com/2026-panini-fifa-world-cup-sticker,Player names are not populated in this structural MVP CSV.
495,BEL6,main_album,team,main_checklist,BEL,Belgium,6,Player sticker,Player sticker,player,standard,global,TRUE,TRUE,False,Checklist Insider,https://www.checklistinsider.com/2026-panini-fifa-world-cup-sticker,Player names are not populated in this structural MVP CSV.
496,BEL7,main_album,team,main_checklist,BEL,Belgium,7,Player sticker,Player sticker,player,standard,global,TRUE,TRUE,False,Checklist Insider,https://www.checklistinsider.com/2026-panini-fifa-world-cup-sticker,Player names are not populated in this structural MVP CSV.
497,BEL8,main_album,team,main_checklist,BEL,Belgium,8,Player sticker,Player sticker,player,standard,global,TRUE,TRUE,False,Checklist Insider,https://www.checklistinsider.com/2026-panini-fifa-world-cup-sticker,Player names are not populated in this structural MVP CSV.
498,BEL9,main_album,team,main_checklist,BEL,Belgium,9,Player sticker,Player sticker,player,standard,global,TRUE,TRUE,False,Checklist Insider,https://www.checklistinsider.com/2026-panini-fifa-world-cup-sticker,Player names are not populated in this structural MVP CSV.
499,BEL10,main_album,team,main_checklist,BEL,Belgium,10,Player sticker,Player sticker,player,standard,global,TRUE,TRUE,False,Checklist Insider,https://www.checklistinsider.com/2026-panini-fifa-world-cup-sticker,Player names are not populated in this structural MVP CSV.
500,BEL11,main_album,team,main_checklist,BEL,Belgium,11,Player sticker,Player sticker,player,standard,global,TRUE,TRUE,False,Checklist Insider,https://www.checklistinsider.com/2026-panini-fifa-world-cup-sticker,Player names are not populated in this structural MVP CSV.
501,BEL12,main_album,team,main_checklist,BEL,Belgium,12,Player sticker,Player sticker,player,standard,global,TRUE,TRUE,False,Checklist Insider,https://www.checklistinsider.com/2026-panini-fifa-world-cup-sticker,Player names are not populated in this structural MVP CSV.
502,BEL13,main_album,team,main_checklist,BEL,Belgium,13,Team Photo,,team_photo,standard,global,TRUE,TRUE,False,Checklist Insider,https://www.checklistinsider.com/2026-panini-fifa-world-cup-sticker,Player names are not populated in this structural MVP CSV.
503,BEL14,main_album,team,main_checklist,BEL,Belgium,14,Player sticker,Player sticker,player,standard,global,TRUE,TRUE,False,Checklist Insider,https://www.checklistinsider.com/2026-panini-fifa-world-cup-sticker,Player names are not populated in this structural MVP CSV.
504,BEL15,main_album,team,main_checklist,BEL,Belgium,15,Player sticker,Player sticker,player,standard,global,TRUE,TRUE,False,Checklist Insider,https://www.checklistinsider.com/2026-panini-fifa-world-cup-sticker,Player names are not populated in this structural MVP CSV.
505,BEL16,main_album,team,main_checklist,BEL,Belgium,16,Player sticker,Player sticker,player,standard,global,TRUE,TRUE,False,Checklist Insider,https://www.checklistinsider.com/2026-panini-fifa-world-cup-sticker,Player names are not populated in this structural MVP CSV.
506,BEL17,main_album,team,main_checklist,BEL,Belgium,17,Player sticker,Player sticker,player,standard,global,TRUE,TRUE,False,Checklist Insider,https://www.checklistinsider.com/2026-panini-fifa-world-cup-sticker,Player names are not populated in this structural MVP CSV.
507,BEL18,main_album,team,main_checklist,BEL,Belgium,18,Player sticker,Player sticker,player,standard,global,TRUE,TRUE,False,Checklist Insider,https://www.checklistinsider.com/2026-panini-fifa-world-cup-sticker,Player names are not populated in this structural MVP CSV.
508,BEL19,main_album,team,main_checklist,BEL,Belgium,19,Player sticker,Player sticker,player,standard,global,TRUE,TRUE,False,Checklist Insider,https://www.checklistinsider.com/2026-panini-fifa-world-cup-sticker,Player names are not populated in this structural MVP CSV.
509,BEL20,main_album,team,main_checklist,BEL,Belgium,20,Player sticker,Player sticker,player,standard,global,TRUE,TRUE,False,Checklist Insider,https://www.checklistinsider.com/2026-panini-fifa-world-cup-sticker,Player names are not populated in this structural MVP CSV.
510,EGY1,main_album,team,main_checklist,EGY,Egypt,1,Team Logo,,team_logo,standard,global,TRUE,TRUE,True,Checklist Insider,https://www.checklistinsider.com/2026-panini-fifa-world-cup-sticker,Player names are not populated in this structural MVP CSV.
511,EGY2,main_album,team,main_checklist,EGY,Egypt,2,Player sticker,Player sticker,player,standard,global,TRUE,TRUE,False,Checklist Insider,https://www.checklistinsider.com/2026-panini-fifa-world-cup-sticker,Player names are not populated in this structural MVP CSV.
512,EGY3,main_album,team,main_checklist,EGY,Egypt,3,Player sticker,Player sticker,player,standard,global,TRUE,TRUE,False,Checklist Insider,https://www.checklistinsider.com/2026-panini-fifa-world-cup-sticker,Player names are not populated in this structural MVP CSV.
513,EGY4,main_album,team,main_checklist,EGY,Egypt,4,Player sticker,Player sticker,player,standard,global,TRUE,TRUE,False,Checklist Insider,https://www.checklistinsider.com/2026-panini-fifa-world-cup-sticker,Player names are not populated in this structural MVP CSV.
514,EGY5,main_album,team,main_checklist,EGY,Egypt,5,Player sticker,Player sticker,player,standard,global,TRUE,TRUE,False,Checklist Insider,https://www.checklistinsider.com/2026-panini-fifa-world-cup-sticker,Player names are not populated in this structural MVP CSV.
515,EGY6,main_album,team,main_checklist,EGY,Egypt,6,Player sticker,Player sticker,player,standard,global,TRUE,TRUE,False,Checklist Insider,https://www.checklistinsider.com/2026-panini-fifa-world-cup-sticker,Player names are not populated in this structural MVP CSV.
516,EGY7,main_album,team,main_checklist,EGY,Egypt,7,Player sticker,Player sticker,player,standard,global,TRUE,TRUE,False,Checklist Insider,https://www.checklistinsider.com/2026-panini-fifa-world-cup-sticker,Player names are not populated in this structural MVP CSV.
517,EGY8,main_album,team,main_checklist,EGY,Egypt,8,Player sticker,Player sticker,player,standard,global,TRUE,TRUE,False,Checklist Insider,https://www.checklistinsider.com/2026-panini-fifa-world-cup-sticker,Player names are not populated in this structural MVP CSV.
518,EGY9,main_album,team,main_checklist,EGY,Egypt,9,Player sticker,Player sticker,player,standard,global,TRUE,TRUE,False,Checklist Insider,https://www.checklistinsider.com/2026-panini-fifa-world-cup-sticker,Player names are not populated in this structural MVP CSV.
519,EGY10,main_album,team,main_checklist,EGY,Egypt,10,Player sticker,Player sticker,player,standard,global,TRUE,TRUE,False,Checklist Insider,https://www.checklistinsider.com/2026-panini-fifa-world-cup-sticker,Player names are not populated in this structural MVP CSV.
520,EGY11,main_album,team,main_checklist,EGY,Egypt,11,Player sticker,Player sticker,player,standard,global,TRUE,TRUE,False,Checklist Insider,https://www.checklistinsider.com/2026-panini-fifa-world-cup-sticker,Player names are not populated in this structural MVP CSV.
521,EGY12,main_album,team,main_checklist,EGY,Egypt,12,Player sticker,Player sticker,player,standard,global,TRUE,TRUE,False,Checklist Insider,https://www.checklistinsider.com/2026-panini-fifa-world-cup-sticker,Player names are not populated in this structural MVP CSV.
522,EGY13,main_album,team,main_checklist,EGY,Egypt,13,Team Photo,,team_photo,standard,global,TRUE,TRUE,False,Checklist Insider,https://www.checklistinsider.com/2026-panini-fifa-world-cup-sticker,Player names are not populated in this structural MVP CSV.
523,EGY14,main_album,team,main_checklist,EGY,Egypt,14,Player sticker,Player sticker,player,standard,global,TRUE,TRUE,False,Checklist Insider,https://www.checklistinsider.com/2026-panini-fifa-world-cup-sticker,Player names are not populated in this structural MVP CSV.
524,EGY15,main_album,team,main_checklist,EGY,Egypt,15,Player sticker,Player sticker,player,standard,global,TRUE,TRUE,False,Checklist Insider,https://www.checklistinsider.com/2026-panini-fifa-world-cup-sticker,Player names are not populated in this structural MVP CSV.
525,EGY16,main_album,team,main_checklist,EGY,Egypt,16,Player sticker,Player sticker,player,standard,global,TRUE,TRUE,False,Checklist Insider,https://www.checklistinsider.com/2026-panini-fifa-world-cup-sticker,Player names are not populated in this structural MVP CSV.
526,EGY17,main_album,team,main_checklist,EGY,Egypt,17,Player sticker,Player sticker,player,standard,global,TRUE,TRUE,False,Checklist Insider,https://www.checklistinsider.com/2026-panini-fifa-world-cup-sticker,Player names are not populated in this structural MVP CSV.
527,EGY18,main_album,team,main_checklist,EGY,Egypt,18,Player sticker,Player sticker,player,standard,global,TRUE,TRUE,False,Checklist Insider,https://www.checklistinsider.com/2026-panini-fifa-world-cup-sticker,Player names are not populated in this structural MVP CSV.
528,EGY19,main_album,team,main_checklist,EGY,Egypt,19,Player sticker,Player sticker,player,standard,global,TRUE,TRUE,False,Checklist Insider,https://www.checklistinsider.com/2026-panini-fifa-world-cup-sticker,Player names are not populated in this structural MVP CSV.
529,EGY20,main_album,team,main_checklist,EGY,Egypt,20,Player sticker,Player sticker,player,standard,global,TRUE,TRUE,False,Checklist Insider,https://www.checklistinsider.com/2026-panini-fifa-world-cup-sticker,Player names are not populated in this structural MVP CSV.
530,IRN1,main_album,team,main_checklist,IRN,Iran,1,Team Logo,,team_logo,standard,global,TRUE,TRUE,True,Checklist Insider,https://www.checklistinsider.com/2026-panini-fifa-world-cup-sticker,Player names are not populated in this structural MVP CSV.
531,IRN2,main_album,team,main_checklist,IRN,Iran,2,Player sticker,Player sticker,player,standard,global,TRUE,TRUE,False,Checklist Insider,https://www.checklistinsider.com/2026-panini-fifa-world-cup-sticker,Player names are not populated in this structural MVP CSV.
532,IRN3,main_album,team,main_checklist,IRN,Iran,3,Player sticker,Player sticker,player,standard,global,TRUE,TRUE,False,Checklist Insider,https://www.checklistinsider.com/2026-panini-fifa-world-cup-sticker,Player names are not populated in this structural MVP CSV.
533,IRN4,main_album,team,main_checklist,IRN,Iran,4,Player sticker,Player sticker,player,standard,global,TRUE,TRUE,False,Checklist Insider,https://www.checklistinsider.com/2026-panini-fifa-world-cup-sticker,Player names are not populated in this structural MVP CSV.
534,IRN5,main_album,team,main_checklist,IRN,Iran,5,Player sticker,Player sticker,player,standard,global,TRUE,TRUE,False,Checklist Insider,https://www.checklistinsider.com/2026-panini-fifa-world-cup-sticker,Player names are not populated in this structural MVP CSV.
535,IRN6,main_album,team,main_checklist,IRN,Iran,6,Player sticker,Player sticker,player,standard,global,TRUE,TRUE,False,Checklist Insider,https://www.checklistinsider.com/2026-panini-fifa-world-cup-sticker,Player names are not populated in this structural MVP CSV.
536,IRN7,main_album,team,main_checklist,IRN,Iran,7,Player sticker,Player sticker,player,standard,global,TRUE,TRUE,False,Checklist Insider,https://www.checklistinsider.com/2026-panini-fifa-world-cup-sticker,Player names are not populated in this structural MVP CSV.
537,IRN8,main_album,team,main_checklist,IRN,Iran,8,Player sticker,Player sticker,player,standard,global,TRUE,TRUE,False,Checklist Insider,https://www.checklistinsider.com/2026-panini-fifa-world-cup-sticker,Player names are not populated in this structural MVP CSV.
538,IRN9,main_album,team,main_checklist,IRN,Iran,9,Player sticker,Player sticker,player,standard,global,TRUE,TRUE,False,Checklist Insider,https://www.checklistinsider.com/2026-panini-fifa-world-cup-sticker,Player names are not populated in this structural MVP CSV.
539,IRN10,main_album,team,main_checklist,IRN,Iran,10,Player sticker,Player sticker,player,standard,global,TRUE,TRUE,False,Checklist Insider,https://www.checklistinsider.com/2026-panini-fifa-world-cup-sticker,Player names are not populated in this structural MVP CSV.
540,IRN11,main_album,team,main_checklist,IRN,Iran,11,Player sticker,Player sticker,player,standard,global,TRUE,TRUE,False,Checklist Insider,https://www.checklistinsider.com/2026-panini-fifa-world-cup-sticker,Player names are not populated in this structural MVP CSV.
541,IRN12,main_album,team,main_checklist,IRN,Iran,12,Player sticker,Player sticker,player,standard,global,TRUE,TRUE,False,Checklist Insider,https://www.checklistinsider.com/2026-panini-fifa-world-cup-sticker,Player names are not populated in this structural MVP CSV.
542,IRN13,main_album,team,main_checklist,IRN,Iran,13,Team Photo,,team_photo,standard,global,TRUE,TRUE,False,Checklist Insider,https://www.checklistinsider.com/2026-panini-fifa-world-cup-sticker,Player names are not populated in this structural MVP CSV.
543,IRN14,main_album,team,main_checklist,IRN,Iran,14,Player sticker,Player sticker,player,standard,global,TRUE,TRUE,False,Checklist Insider,https://www.checklistinsider.com/2026-panini-fifa-world-cup-sticker,Player names are not populated in this structural MVP CSV.
544,IRN15,main_album,team,main_checklist,IRN,Iran,15,Player sticker,Player sticker,player,standard,global,TRUE,TRUE,False,Checklist Insider,https://www.checklistinsider.com/2026-panini-fifa-world-cup-sticker,Player names are not populated in this structural MVP CSV.
545,IRN16,main_album,team,main_checklist,IRN,Iran,16,Player sticker,Player sticker,player,standard,global,TRUE,TRUE,False,Checklist Insider,https://www.checklistinsider.com/2026-panini-fifa-world-cup-sticker,Player names are not populated in this structural MVP CSV.
546,IRN17,main_album,team,main_checklist,IRN,Iran,17,Player sticker,Player sticker,player,standard,global,TRUE,TRUE,False,Checklist Insider,https://www.checklistinsider.com/2026-panini-fifa-world-cup-sticker,Player names are not populated in this structural MVP CSV.
547,IRN18,main_album,team,main_checklist,IRN,Iran,18,Player sticker,Player sticker,player,standard,global,TRUE,TRUE,False,Checklist Insider,https://www.checklistinsider.com/2026-panini-fifa-world-cup-sticker,Player names are not populated in this structural MVP CSV.
548,IRN19,main_album,team,main_checklist,IRN,Iran,19,Player sticker,Player sticker,player,standard,global,TRUE,TRUE,False,Checklist Insider,https://www.checklistinsider.com/2026-panini-fifa-world-cup-sticker,Player names are not populated in this structural MVP CSV.
549,IRN20,main_album,team,main_checklist,IRN,Iran,20,Player sticker,Player sticker,player,standard,global,TRUE,TRUE,False,Checklist Insider,https://www.checklistinsider.com/2026-panini-fifa-world-cup-sticker,Player names are not populated in this structural MVP CSV.
550,NZL1,main_album,team,main_checklist,NZL,New Zealand,1,Team Logo,,team_logo,standard,global,TRUE,TRUE,True,Checklist Insider,https://www.checklistinsider.com/2026-panini-fifa-world-cup-sticker,Player names are not populated in this structural MVP CSV.
551,NZL2,main_album,team,main_checklist,NZL,New Zealand,2,Player sticker,Player sticker,player,standard,global,TRUE,TRUE,False,Checklist Insider,https://www.checklistinsider.com/2026-panini-fifa-world-cup-sticker,Player names are not populated in this structural MVP CSV.
552,NZL3,main_album,team,main_checklist,NZL,New Zealand,3,Player sticker,Player sticker,player,standard,global,TRUE,TRUE,False,Checklist Insider,https://www.checklistinsider.com/2026-panini-fifa-world-cup-sticker,Player names are not populated in this structural MVP CSV.
553,NZL4,main_album,team,main_checklist,NZL,New Zealand,4,Player sticker,Player sticker,player,standard,global,TRUE,TRUE,False,Checklist Insider,https://www.checklistinsider.com/2026-panini-fifa-world-cup-sticker,Player names are not populated in this structural MVP CSV.
554,NZL5,main_album,team,main_checklist,NZL,New Zealand,5,Player sticker,Player sticker,player,standard,global,TRUE,TRUE,False,Checklist Insider,https://www.checklistinsider.com/2026-panini-fifa-world-cup-sticker,Player names are not populated in this structural MVP CSV.
555,NZL6,main_album,team,main_checklist,NZL,New Zealand,6,Player sticker,Player sticker,player,standard,global,TRUE,TRUE,False,Checklist Insider,https://www.checklistinsider.com/2026-panini-fifa-world-cup-sticker,Player names are not populated in this structural MVP CSV.
556,NZL7,main_album,team,main_checklist,NZL,New Zealand,7,Player sticker,Player sticker,player,standard,global,TRUE,TRUE,False,Checklist Insider,https://www.checklistinsider.com/2026-panini-fifa-world-cup-sticker,Player names are not populated in this structural MVP CSV.
557,NZL8,main_album,team,main_checklist,NZL,New Zealand,8,Player sticker,Player sticker,player,standard,global,TRUE,TRUE,False,Checklist Insider,https://www.checklistinsider.com/2026-panini-fifa-world-cup-sticker,Player names are not populated in this structural MVP CSV.
558,NZL9,main_album,team,main_checklist,NZL,New Zealand,9,Player sticker,Player sticker,player,standard,global,TRUE,TRUE,False,Checklist Insider,https://www.checklistinsider.com/2026-panini-fifa-world-cup-sticker,Player names are not populated in this structural MVP CSV.
559,NZL10,main_album,team,main_checklist,NZL,New Zealand,10,Player sticker,Player sticker,player,standard,global,TRUE,TRUE,False,Checklist Insider,https://www.checklistinsider.com/2026-panini-fifa-world-cup-sticker,Player names are not populated in this structural MVP CSV.
560,NZL11,main_album,team,main_checklist,NZL,New Zealand,11,Player sticker,Player sticker,player,standard,global,TRUE,TRUE,False,Checklist Insider,https://www.checklistinsider.com/2026-panini-fifa-world-cup-sticker,Player names are not populated in this structural MVP CSV.
561,NZL12,main_album,team,main_checklist,NZL,New Zealand,12,Player sticker,Player sticker,player,standard,global,TRUE,TRUE,False,Checklist Insider,https://www.checklistinsider.com/2026-panini-fifa-world-cup-sticker,Player names are not populated in this structural MVP CSV.
562,NZL13,main_album,team,main_checklist,NZL,New Zealand,13,Team Photo,,team_photo,standard,global,TRUE,TRUE,False,Checklist Insider,https://www.checklistinsider.com/2026-panini-fifa-world-cup-sticker,Player names are not populated in this structural MVP CSV.
563,NZL14,main_album,team,main_checklist,NZL,New Zealand,14,Player sticker,Player sticker,player,standard,global,TRUE,TRUE,False,Checklist Insider,https://www.checklistinsider.com/2026-panini-fifa-world-cup-sticker,Player names are not populated in this structural MVP CSV.
564,NZL15,main_album,team,main_checklist,NZL,New Zealand,15,Player sticker,Player sticker,player,standard,global,TRUE,TRUE,False,Checklist Insider,https://www.checklistinsider.com/2026-panini-fifa-world-cup-sticker,Player names are not populated in this structural MVP CSV.
565,NZL16,main_album,team,main_checklist,NZL,New Zealand,16,Player sticker,Player sticker,player,standard,global,TRUE,TRUE,False,Checklist Insider,https://www.checklistinsider.com/2026-panini-fifa-world-cup-sticker,Player names are not populated in this structural MVP CSV.
566,NZL17,main_album,team,main_checklist,NZL,New Zealand,17,Player sticker,Player sticker,player,standard,global,TRUE,TRUE,False,Checklist Insider,https://www.checklistinsider.com/2026-panini-fifa-world-cup-sticker,Player names are not populated in this structural MVP CSV.
567,NZL18,main_album,team,main_checklist,NZL,New Zealand,18,Player sticker,Player sticker,player,standard,global,TRUE,TRUE,False,Checklist Insider,https://www.checklistinsider.com/2026-panini-fifa-world-cup-sticker,Player names are not populated in this structural MVP CSV.
568,NZL19,main_album,team,main_checklist,NZL,New Zealand,19,Player sticker,Player sticker,player,standard,global,TRUE,TRUE,False,Checklist Insider,https://www.checklistinsider.com/2026-panini-fifa-world-cup-sticker,Player names are not populated in this structural MVP CSV.
569,NZL20,main_album,team,main_checklist,NZL,New Zealand,20,Player sticker,Player sticker,player,standard,global,TRUE,TRUE,False,Checklist Insider,https://www.checklistinsider.com/2026-panini-fifa-world-cup-sticker,Player names are not populated in this structural MVP CSV.
570,ESP1,main_album,team,main_checklist,ESP,Spain,1,Team Logo,,team_logo,standard,global,TRUE,TRUE,True,Checklist Insider,https://www.checklistinsider.com/2026-panini-fifa-world-cup-sticker,Player names are not populated in this structural MVP CSV.
571,ESP2,main_album,team,main_checklist,ESP,Spain,2,Player sticker,Player sticker,player,standard,global,TRUE,TRUE,False,Checklist Insider,https://www.checklistinsider.com/2026-panini-fifa-world-cup-sticker,Player names are not populated in this structural MVP CSV.
572,ESP3,main_album,team,main_checklist,ESP,Spain,3,Player sticker,Player sticker,player,standard,global,TRUE,TRUE,False,Checklist Insider,https://www.checklistinsider.com/2026-panini-fifa-world-cup-sticker,Player names are not populated in this structural MVP CSV.
573,ESP4,main_album,team,main_checklist,ESP,Spain,4,Player sticker,Player sticker,player,standard,global,TRUE,TRUE,False,Checklist Insider,https://www.checklistinsider.com/2026-panini-fifa-world-cup-sticker,Player names are not populated in this structural MVP CSV.
574,ESP5,main_album,team,main_checklist,ESP,Spain,5,Player sticker,Player sticker,player,standard,global,TRUE,TRUE,False,Checklist Insider,https://www.checklistinsider.com/2026-panini-fifa-world-cup-sticker,Player names are not populated in this structural MVP CSV.
575,ESP6,main_album,team,main_checklist,ESP,Spain,6,Player sticker,Player sticker,player,standard,global,TRUE,TRUE,False,Checklist Insider,https://www.checklistinsider.com/2026-panini-fifa-world-cup-sticker,Player names are not populated in this structural MVP CSV.
576,ESP7,main_album,team,main_checklist,ESP,Spain,7,Player sticker,Player sticker,player,standard,global,TRUE,TRUE,False,Checklist Insider,https://www.checklistinsider.com/2026-panini-fifa-world-cup-sticker,Player names are not populated in this structural MVP CSV.
577,ESP8,main_album,team,main_checklist,ESP,Spain,8,Player sticker,Player sticker,player,standard,global,TRUE,TRUE,False,Checklist Insider,https://www.checklistinsider.com/2026-panini-fifa-world-cup-sticker,Player names are not populated in this structural MVP CSV.
578,ESP9,main_album,team,main_checklist,ESP,Spain,9,Player sticker,Player sticker,player,standard,global,TRUE,TRUE,False,Checklist Insider,https://www.checklistinsider.com/2026-panini-fifa-world-cup-sticker,Player names are not populated in this structural MVP CSV.
579,ESP10,main_album,team,main_checklist,ESP,Spain,10,Player sticker,Player sticker,player,standard,global,TRUE,TRUE,False,Checklist Insider,https://www.checklistinsider.com/2026-panini-fifa-world-cup-sticker,Player names are not populated in this structural MVP CSV.
580,ESP11,main_album,team,main_checklist,ESP,Spain,11,Player sticker,Player sticker,player,standard,global,TRUE,TRUE,False,Checklist Insider,https://www.checklistinsider.com/2026-panini-fifa-world-cup-sticker,Player names are not populated in this structural MVP CSV.
581,ESP12,main_album,team,main_checklist,ESP,Spain,12,Player sticker,Player sticker,player,standard,global,TRUE,TRUE,False,Checklist Insider,https://www.checklistinsider.com/2026-panini-fifa-world-cup-sticker,Player names are not populated in this structural MVP CSV.
582,ESP13,main_album,team,main_checklist,ESP,Spain,13,Team Photo,,team_photo,standard,global,TRUE,TRUE,False,Checklist Insider,https://www.checklistinsider.com/2026-panini-fifa-world-cup-sticker,Player names are not populated in this structural MVP CSV.
583,ESP14,main_album,team,main_checklist,ESP,Spain,14,Player sticker,Player sticker,player,standard,global,TRUE,TRUE,False,Checklist Insider,https://www.checklistinsider.com/2026-panini-fifa-world-cup-sticker,Player names are not populated in this structural MVP CSV.
584,ESP15,main_album,team,main_checklist,ESP,Spain,15,Player sticker,Player sticker,player,standard,global,TRUE,TRUE,False,Checklist Insider,https://www.checklistinsider.com/2026-panini-fifa-world-cup-sticker,Player names are not populated in this structural MVP CSV.
585,ESP16,main_album,team,main_checklist,ESP,Spain,16,Player sticker,Player sticker,player,standard,global,TRUE,TRUE,False,Checklist Insider,https://www.checklistinsider.com/2026-panini-fifa-world-cup-sticker,Player names are not populated in this structural MVP CSV.
586,ESP17,main_album,team,main_checklist,ESP,Spain,17,Player sticker,Player sticker,player,standard,global,TRUE,TRUE,False,Checklist Insider,https://www.checklistinsider.com/2026-panini-fifa-world-cup-sticker,Player names are not populated in this structural MVP CSV.
587,ESP18,main_album,team,main_checklist,ESP,Spain,18,Player sticker,Player sticker,player,standard,global,TRUE,TRUE,False,Checklist Insider,https://www.checklistinsider.com/2026-panini-fifa-world-cup-sticker,Player names are not populated in this structural MVP CSV.
588,ESP19,main_album,team,main_checklist,ESP,Spain,19,Player sticker,Player sticker,player,standard,global,TRUE,TRUE,False,Checklist Insider,https://www.checklistinsider.com/2026-panini-fifa-world-cup-sticker,Player names are not populated in this structural MVP CSV.
589,ESP20,main_album,team,main_checklist,ESP,Spain,20,Player sticker,Player sticker,player,standard,global,TRUE,TRUE,False,Checklist Insider,https://www.checklistinsider.com/2026-panini-fifa-world-cup-sticker,Player names are not populated in this structural MVP CSV.
590,CPV1,main_album,team,main_checklist,CPV,Cape Verde,1,Team Logo,,team_logo,standard,global,TRUE,TRUE,True,Checklist Insider,https://www.checklistinsider.com/2026-panini-fifa-world-cup-sticker,Player names are not populated in this structural MVP CSV.
591,CPV2,main_album,team,main_checklist,CPV,Cape Verde,2,Player sticker,Player sticker,player,standard,global,TRUE,TRUE,False,Checklist Insider,https://www.checklistinsider.com/2026-panini-fifa-world-cup-sticker,Player names are not populated in this structural MVP CSV.
592,CPV3,main_album,team,main_checklist,CPV,Cape Verde,3,Player sticker,Player sticker,player,standard,global,TRUE,TRUE,False,Checklist Insider,https://www.checklistinsider.com/2026-panini-fifa-world-cup-sticker,Player names are not populated in this structural MVP CSV.
593,CPV4,main_album,team,main_checklist,CPV,Cape Verde,4,Player sticker,Player sticker,player,standard,global,TRUE,TRUE,False,Checklist Insider,https://www.checklistinsider.com/2026-panini-fifa-world-cup-sticker,Player names are not populated in this structural MVP CSV.
594,CPV5,main_album,team,main_checklist,CPV,Cape Verde,5,Player sticker,Player sticker,player,standard,global,TRUE,TRUE,False,Checklist Insider,https://www.checklistinsider.com/2026-panini-fifa-world-cup-sticker,Player names are not populated in this structural MVP CSV.
595,CPV6,main_album,team,main_checklist,CPV,Cape Verde,6,Player sticker,Player sticker,player,standard,global,TRUE,TRUE,False,Checklist Insider,https://www.checklistinsider.com/2026-panini-fifa-world-cup-sticker,Player names are not populated in this structural MVP CSV.
596,CPV7,main_album,team,main_checklist,CPV,Cape Verde,7,Player sticker,Player sticker,player,standard,global,TRUE,TRUE,False,Checklist Insider,https://www.checklistinsider.com/2026-panini-fifa-world-cup-sticker,Player names are not populated in this structural MVP CSV.
597,CPV8,main_album,team,main_checklist,CPV,Cape Verde,8,Player sticker,Player sticker,player,standard,global,TRUE,TRUE,False,Checklist Insider,https://www.checklistinsider.com/2026-panini-fifa-world-cup-sticker,Player names are not populated in this structural MVP CSV.
598,CPV9,main_album,team,main_checklist,CPV,Cape Verde,9,Player sticker,Player sticker,player,standard,global,TRUE,TRUE,False,Checklist Insider,https://www.checklistinsider.com/2026-panini-fifa-world-cup-sticker,Player names are not populated in this structural MVP CSV.
599,CPV10,main_album,team,main_checklist,CPV,Cape Verde,10,Player sticker,Player sticker,player,standard,global,TRUE,TRUE,False,Checklist Insider,https://www.checklistinsider.com/2026-panini-fifa-world-cup-sticker,Player names are not populated in this structural MVP CSV.
600,CPV11,main_album,team,main_checklist,CPV,Cape Verde,11,Player sticker,Player sticker,player,standard,global,TRUE,TRUE,False,Checklist Insider,https://www.checklistinsider.com/2026-panini-fifa-world-cup-sticker,Player names are not populated in this structural MVP CSV.
601,CPV12,main_album,team,main_checklist,CPV,Cape Verde,12,Player sticker,Player sticker,player,standard,global,TRUE,TRUE,False,Checklist Insider,https://www.checklistinsider.com/2026-panini-fifa-world-cup-sticker,Player names are not populated in this structural MVP CSV.
602,CPV13,main_album,team,main_checklist,CPV,Cape Verde,13,Team Photo,,team_photo,standard,global,TRUE,TRUE,False,Checklist Insider,https://www.checklistinsider.com/2026-panini-fifa-world-cup-sticker,Player names are not populated in this structural MVP CSV.
603,CPV14,main_album,team,main_checklist,CPV,Cape Verde,14,Player sticker,Player sticker,player,standard,global,TRUE,TRUE,False,Checklist Insider,https://www.checklistinsider.com/2026-panini-fifa-world-cup-sticker,Player names are not populated in this structural MVP CSV.
604,CPV15,main_album,team,main_checklist,CPV,Cape Verde,15,Player sticker,Player sticker,player,standard,global,TRUE,TRUE,False,Checklist Insider,https://www.checklistinsider.com/2026-panini-fifa-world-cup-sticker,Player names are not populated in this structural MVP CSV.
605,CPV16,main_album,team,main_checklist,CPV,Cape Verde,16,Player sticker,Player sticker,player,standard,global,TRUE,TRUE,False,Checklist Insider,https://www.checklistinsider.com/2026-panini-fifa-world-cup-sticker,Player names are not populated in this structural MVP CSV.
606,CPV17,main_album,team,main_checklist,CPV,Cape Verde,17,Player sticker,Player sticker,player,standard,global,TRUE,TRUE,False,Checklist Insider,https://www.checklistinsider.com/2026-panini-fifa-world-cup-sticker,Player names are not populated in this structural MVP CSV.
607,CPV18,main_album,team,main_checklist,CPV,Cape Verde,18,Player sticker,Player sticker,player,standard,global,TRUE,TRUE,False,Checklist Insider,https://www.checklistinsider.com/2026-panini-fifa-world-cup-sticker,Player names are not populated in this structural MVP CSV.
608,CPV19,main_album,team,main_checklist,CPV,Cape Verde,19,Player sticker,Player sticker,player,standard,global,TRUE,TRUE,False,Checklist Insider,https://www.checklistinsider.com/2026-panini-fifa-world-cup-sticker,Player names are not populated in this structural MVP CSV.
609,CPV20,main_album,team,main_checklist,CPV,Cape Verde,20,Player sticker,Player sticker,player,standard,global,TRUE,TRUE,False,Checklist Insider,https://www.checklistinsider.com/2026-panini-fifa-world-cup-sticker,Player names are not populated in this structural MVP CSV.
610,KSA1,main_album,team,main_checklist,KSA,Saudi Arabia,1,Team Logo,,team_logo,standard,global,TRUE,TRUE,True,Checklist Insider,https://www.checklistinsider.com/2026-panini-fifa-world-cup-sticker,Player names are not populated in this structural MVP CSV.
611,KSA2,main_album,team,main_checklist,KSA,Saudi Arabia,2,Player sticker,Player sticker,player,standard,global,TRUE,TRUE,False,Checklist Insider,https://www.checklistinsider.com/2026-panini-fifa-world-cup-sticker,Player names are not populated in this structural MVP CSV.
612,KSA3,main_album,team,main_checklist,KSA,Saudi Arabia,3,Player sticker,Player sticker,player,standard,global,TRUE,TRUE,False,Checklist Insider,https://www.checklistinsider.com/2026-panini-fifa-world-cup-sticker,Player names are not populated in this structural MVP CSV.
613,KSA4,main_album,team,main_checklist,KSA,Saudi Arabia,4,Player sticker,Player sticker,player,standard,global,TRUE,TRUE,False,Checklist Insider,https://www.checklistinsider.com/2026-panini-fifa-world-cup-sticker,Player names are not populated in this structural MVP CSV.
614,KSA5,main_album,team,main_checklist,KSA,Saudi Arabia,5,Player sticker,Player sticker,player,standard,global,TRUE,TRUE,False,Checklist Insider,https://www.checklistinsider.com/2026-panini-fifa-world-cup-sticker,Player names are not populated in this structural MVP CSV.
615,KSA6,main_album,team,main_checklist,KSA,Saudi Arabia,6,Player sticker,Player sticker,player,standard,global,TRUE,TRUE,False,Checklist Insider,https://www.checklistinsider.com/2026-panini-fifa-world-cup-sticker,Player names are not populated in this structural MVP CSV.
616,KSA7,main_album,team,main_checklist,KSA,Saudi Arabia,7,Player sticker,Player sticker,player,standard,global,TRUE,TRUE,False,Checklist Insider,https://www.checklistinsider.com/2026-panini-fifa-world-cup-sticker,Player names are not populated in this structural MVP CSV.
617,KSA8,main_album,team,main_checklist,KSA,Saudi Arabia,8,Player sticker,Player sticker,player,standard,global,TRUE,TRUE,False,Checklist Insider,https://www.checklistinsider.com/2026-panini-fifa-world-cup-sticker,Player names are not populated in this structural MVP CSV.
618,KSA9,main_album,team,main_checklist,KSA,Saudi Arabia,9,Player sticker,Player sticker,player,standard,global,TRUE,TRUE,False,Checklist Insider,https://www.checklistinsider.com/2026-panini-fifa-world-cup-sticker,Player names are not populated in this structural MVP CSV.
619,KSA10,main_album,team,main_checklist,KSA,Saudi Arabia,10,Player sticker,Player sticker,player,standard,global,TRUE,TRUE,False,Checklist Insider,https://www.checklistinsider.com/2026-panini-fifa-world-cup-sticker,Player names are not populated in this structural MVP CSV.
620,KSA11,main_album,team,main_checklist,KSA,Saudi Arabia,11,Player sticker,Player sticker,player,standard,global,TRUE,TRUE,False,Checklist Insider,https://www.checklistinsider.com/2026-panini-fifa-world-cup-sticker,Player names are not populated in this structural MVP CSV.
621,KSA12,main_album,team,main_checklist,KSA,Saudi Arabia,12,Player sticker,Player sticker,player,standard,global,TRUE,TRUE,False,Checklist Insider,https://www.checklistinsider.com/2026-panini-fifa-world-cup-sticker,Player names are not populated in this structural MVP CSV.
622,KSA13,main_album,team,main_checklist,KSA,Saudi Arabia,13,Team Photo,,team_photo,standard,global,TRUE,TRUE,False,Checklist Insider,https://www.checklistinsider.com/2026-panini-fifa-world-cup-sticker,Player names are not populated in this structural MVP CSV.
623,KSA14,main_album,team,main_checklist,KSA,Saudi Arabia,14,Player sticker,Player sticker,player,standard,global,TRUE,TRUE,False,Checklist Insider,https://www.checklistinsider.com/2026-panini-fifa-world-cup-sticker,Player names are not populated in this structural MVP CSV.
624,KSA15,main_album,team,main_checklist,KSA,Saudi Arabia,15,Player sticker,Player sticker,player,standard,global,TRUE,TRUE,False,Checklist Insider,https://www.checklistinsider.com/2026-panini-fifa-world-cup-sticker,Player names are not populated in this structural MVP CSV.
625,KSA16,main_album,team,main_checklist,KSA,Saudi Arabia,16,Player sticker,Player sticker,player,standard,global,TRUE,TRUE,False,Checklist Insider,https://www.checklistinsider.com/2026-panini-fifa-world-cup-sticker,Player names are not populated in this structural MVP CSV.
626,KSA17,main_album,team,main_checklist,KSA,Saudi Arabia,17,Player sticker,Player sticker,player,standard,global,TRUE,TRUE,False,Checklist Insider,https://www.checklistinsider.com/2026-panini-fifa-world-cup-sticker,Player names are not populated in this structural MVP CSV.
627,KSA18,main_album,team,main_checklist,KSA,Saudi Arabia,18,Player sticker,Player sticker,player,standard,global,TRUE,TRUE,False,Checklist Insider,https://www.checklistinsider.com/2026-panini-fifa-world-cup-sticker,Player names are not populated in this structural MVP CSV.
628,KSA19,main_album,team,main_checklist,KSA,Saudi Arabia,19,Player sticker,Player sticker,player,standard,global,TRUE,TRUE,False,Checklist Insider,https://www.checklistinsider.com/2026-panini-fifa-world-cup-sticker,Player names are not populated in this structural MVP CSV.
629,KSA20,main_album,team,main_checklist,KSA,Saudi Arabia,20,Player sticker,Player sticker,player,standard,global,TRUE,TRUE,False,Checklist Insider,https://www.checklistinsider.com/2026-panini-fifa-world-cup-sticker,Player names are not populated in this structural MVP CSV.
630,URU1,main_album,team,main_checklist,URU,Uruguay,1,Team Logo,,team_logo,standard,global,TRUE,TRUE,True,Checklist Insider,https://www.checklistinsider.com/2026-panini-fifa-world-cup-sticker,Player names are not populated in this structural MVP CSV.
631,URU2,main_album,team,main_checklist,URU,Uruguay,2,Player sticker,Player sticker,player,standard,global,TRUE,TRUE,False,Checklist Insider,https://www.checklistinsider.com/2026-panini-fifa-world-cup-sticker,Player names are not populated in this structural MVP CSV.
632,URU3,main_album,team,main_checklist,URU,Uruguay,3,Player sticker,Player sticker,player,standard,global,TRUE,TRUE,False,Checklist Insider,https://www.checklistinsider.com/2026-panini-fifa-world-cup-sticker,Player names are not populated in this structural MVP CSV.
633,URU4,main_album,team,main_checklist,URU,Uruguay,4,Player sticker,Player sticker,player,standard,global,TRUE,TRUE,False,Checklist Insider,https://www.checklistinsider.com/2026-panini-fifa-world-cup-sticker,Player names are not populated in this structural MVP CSV.
634,URU5,main_album,team,main_checklist,URU,Uruguay,5,Player sticker,Player sticker,player,standard,global,TRUE,TRUE,False,Checklist Insider,https://www.checklistinsider.com/2026-panini-fifa-world-cup-sticker,Player names are not populated in this structural MVP CSV.
635,URU6,main_album,team,main_checklist,URU,Uruguay,6,Player sticker,Player sticker,player,standard,global,TRUE,TRUE,False,Checklist Insider,https://www.checklistinsider.com/2026-panini-fifa-world-cup-sticker,Player names are not populated in this structural MVP CSV.
636,URU7,main_album,team,main_checklist,URU,Uruguay,7,Player sticker,Player sticker,player,standard,global,TRUE,TRUE,False,Checklist Insider,https://www.checklistinsider.com/2026-panini-fifa-world-cup-sticker,Player names are not populated in this structural MVP CSV.
637,URU8,main_album,team,main_checklist,URU,Uruguay,8,Player sticker,Player sticker,player,standard,global,TRUE,TRUE,False,Checklist Insider,https://www.checklistinsider.com/2026-panini-fifa-world-cup-sticker,Player names are not populated in this structural MVP CSV.
638,URU9,main_album,team,main_checklist,URU,Uruguay,9,Player sticker,Player sticker,player,standard,global,TRUE,TRUE,False,Checklist Insider,https://www.checklistinsider.com/2026-panini-fifa-world-cup-sticker,Player names are not populated in this structural MVP CSV.
639,URU10,main_album,team,main_checklist,URU,Uruguay,10,Player sticker,Player sticker,player,standard,global,TRUE,TRUE,False,Checklist Insider,https://www.checklistinsider.com/2026-panini-fifa-world-cup-sticker,Player names are not populated in this structural MVP CSV.
640,URU11,main_album,team,main_checklist,URU,Uruguay,11,Player sticker,Player sticker,player,standard,global,TRUE,TRUE,False,Checklist Insider,https://www.checklistinsider.com/2026-panini-fifa-world-cup-sticker,Player names are not populated in this structural MVP CSV.
641,URU12,main_album,team,main_checklist,URU,Uruguay,12,Player sticker,Player sticker,player,standard,global,TRUE,TRUE,False,Checklist Insider,https://www.checklistinsider.com/2026-panini-fifa-world-cup-sticker,Player names are not populated in this structural MVP CSV.
642,URU13,main_album,team,main_checklist,URU,Uruguay,13,Team Photo,,team_photo,standard,global,TRUE,TRUE,False,Checklist Insider,https://www.checklistinsider.com/2026-panini-fifa-world-cup-sticker,Player names are not populated in this structural MVP CSV.
643,URU14,main_album,team,main_checklist,URU,Uruguay,14,Player sticker,Player sticker,player,standard,global,TRUE,TRUE,False,Checklist Insider,https://www.checklistinsider.com/2026-panini-fifa-world-cup-sticker,Player names are not populated in this structural MVP CSV.
644,URU15,main_album,team,main_checklist,URU,Uruguay,15,Player sticker,Player sticker,player,standard,global,TRUE,TRUE,False,Checklist Insider,https://www.checklistinsider.com/2026-panini-fifa-world-cup-sticker,Player names are not populated in this structural MVP CSV.
645,URU16,main_album,team,main_checklist,URU,Uruguay,16,Player sticker,Player sticker,player,standard,global,TRUE,TRUE,False,Checklist Insider,https://www.checklistinsider.com/2026-panini-fifa-world-cup-sticker,Player names are not populated in this structural MVP CSV.
646,URU17,main_album,team,main_checklist,URU,Uruguay,17,Player sticker,Player sticker,player,standard,global,TRUE,TRUE,False,Checklist Insider,https://www.checklistinsider.com/2026-panini-fifa-world-cup-sticker,Player names are not populated in this structural MVP CSV.
647,URU18,main_album,team,main_checklist,URU,Uruguay,18,Player sticker,Player sticker,player,standard,global,TRUE,TRUE,False,Checklist Insider,https://www.checklistinsider.com/2026-panini-fifa-world-cup-sticker,Player names are not populated in this structural MVP CSV.
648,URU19,main_album,team,main_checklist,URU,Uruguay,19,Player sticker,Player sticker,player,standard,global,TRUE,TRUE,False,Checklist Insider,https://www.checklistinsider.com/2026-panini-fifa-world-cup-sticker,Player names are not populated in this structural MVP CSV.
649,URU20,main_album,team,main_checklist,URU,Uruguay,20,Player sticker,Player sticker,player,standard,global,TRUE,TRUE,False,Checklist Insider,https://www.checklistinsider.com/2026-panini-fifa-world-cup-sticker,Player names are not populated in this structural MVP CSV.
650,FRA1,main_album,team,main_checklist,FRA,France,1,Team Logo,,team_logo,standard,global,TRUE,TRUE,True,Checklist Insider,https://www.checklistinsider.com/2026-panini-fifa-world-cup-sticker,Player names are not populated in this structural MVP CSV.
651,FRA2,main_album,team,main_checklist,FRA,France,2,Player sticker,Player sticker,player,standard,global,TRUE,TRUE,False,Checklist Insider,https://www.checklistinsider.com/2026-panini-fifa-world-cup-sticker,Player names are not populated in this structural MVP CSV.
652,FRA3,main_album,team,main_checklist,FRA,France,3,Player sticker,Player sticker,player,standard,global,TRUE,TRUE,False,Checklist Insider,https://www.checklistinsider.com/2026-panini-fifa-world-cup-sticker,Player names are not populated in this structural MVP CSV.
653,FRA4,main_album,team,main_checklist,FRA,France,4,Player sticker,Player sticker,player,standard,global,TRUE,TRUE,False,Checklist Insider,https://www.checklistinsider.com/2026-panini-fifa-world-cup-sticker,Player names are not populated in this structural MVP CSV.
654,FRA5,main_album,team,main_checklist,FRA,France,5,Player sticker,Player sticker,player,standard,global,TRUE,TRUE,False,Checklist Insider,https://www.checklistinsider.com/2026-panini-fifa-world-cup-sticker,Player names are not populated in this structural MVP CSV.
655,FRA6,main_album,team,main_checklist,FRA,France,6,Player sticker,Player sticker,player,standard,global,TRUE,TRUE,False,Checklist Insider,https://www.checklistinsider.com/2026-panini-fifa-world-cup-sticker,Player names are not populated in this structural MVP CSV.
656,FRA7,main_album,team,main_checklist,FRA,France,7,Player sticker,Player sticker,player,standard,global,TRUE,TRUE,False,Checklist Insider,https://www.checklistinsider.com/2026-panini-fifa-world-cup-sticker,Player names are not populated in this structural MVP CSV.
657,FRA8,main_album,team,main_checklist,FRA,France,8,Player sticker,Player sticker,player,standard,global,TRUE,TRUE,False,Checklist Insider,https://www.checklistinsider.com/2026-panini-fifa-world-cup-sticker,Player names are not populated in this structural MVP CSV.
658,FRA9,main_album,team,main_checklist,FRA,France,9,Player sticker,Player sticker,player,standard,global,TRUE,TRUE,False,Checklist Insider,https://www.checklistinsider.com/2026-panini-fifa-world-cup-sticker,Player names are not populated in this structural MVP CSV.
659,FRA10,main_album,team,main_checklist,FRA,France,10,Player sticker,Player sticker,player,standard,global,TRUE,TRUE,False,Checklist Insider,https://www.checklistinsider.com/2026-panini-fifa-world-cup-sticker,Player names are not populated in this structural MVP CSV.
660,FRA11,main_album,team,main_checklist,FRA,France,11,Player sticker,Player sticker,player,standard,global,TRUE,TRUE,False,Checklist Insider,https://www.checklistinsider.com/2026-panini-fifa-world-cup-sticker,Player names are not populated in this structural MVP CSV.
661,FRA12,main_album,team,main_checklist,FRA,France,12,Player sticker,Player sticker,player,standard,global,TRUE,TRUE,False,Checklist Insider,https://www.checklistinsider.com/2026-panini-fifa-world-cup-sticker,Player names are not populated in this structural MVP CSV.
662,FRA13,main_album,team,main_checklist,FRA,France,13,Team Photo,,team_photo,standard,global,TRUE,TRUE,False,Checklist Insider,https://www.checklistinsider.com/2026-panini-fifa-world-cup-sticker,Player names are not populated in this structural MVP CSV.
663,FRA14,main_album,team,main_checklist,FRA,France,14,Player sticker,Player sticker,player,standard,global,TRUE,TRUE,False,Checklist Insider,https://www.checklistinsider.com/2026-panini-fifa-world-cup-sticker,Player names are not populated in this structural MVP CSV.
664,FRA15,main_album,team,main_checklist,FRA,France,15,Player sticker,Player sticker,player,standard,global,TRUE,TRUE,False,Checklist Insider,https://www.checklistinsider.com/2026-panini-fifa-world-cup-sticker,Player names are not populated in this structural MVP CSV.
665,FRA16,main_album,team,main_checklist,FRA,France,16,Player sticker,Player sticker,player,standard,global,TRUE,TRUE,False,Checklist Insider,https://www.checklistinsider.com/2026-panini-fifa-world-cup-sticker,Player names are not populated in this structural MVP CSV.
666,FRA17,main_album,team,main_checklist,FRA,France,17,Player sticker,Player sticker,player,standard,global,TRUE,TRUE,False,Checklist Insider,https://www.checklistinsider.com/2026-panini-fifa-world-cup-sticker,Player names are not populated in this structural MVP CSV.
667,FRA18,main_album,team,main_checklist,FRA,France,18,Player sticker,Player sticker,player,standard,global,TRUE,TRUE,False,Checklist Insider,https://www.checklistinsider.com/2026-panini-fifa-world-cup-sticker,Player names are not populated in this structural MVP CSV.
668,FRA19,main_album,team,main_checklist,FRA,France,19,Player sticker,Player sticker,player,standard,global,TRUE,TRUE,False,Checklist Insider,https://www.checklistinsider.com/2026-panini-fifa-world-cup-sticker,Player names are not populated in this structural MVP CSV.
669,FRA20,main_album,team,main_checklist,FRA,France,20,Player sticker,Player sticker,player,standard,global,TRUE,TRUE,False,Checklist Insider,https://www.checklistinsider.com/2026-panini-fifa-world-cup-sticker,Player names are not populated in this structural MVP CSV.
670,SEN1,main_album,team,main_checklist,SEN,Senegal,1,Team Logo,,team_logo,standard,global,TRUE,TRUE,True,Checklist Insider,https://www.checklistinsider.com/2026-panini-fifa-world-cup-sticker,Player names are not populated in this structural MVP CSV.
671,SEN2,main_album,team,main_checklist,SEN,Senegal,2,Player sticker,Player sticker,player,standard,global,TRUE,TRUE,False,Checklist Insider,https://www.checklistinsider.com/2026-panini-fifa-world-cup-sticker,Player names are not populated in this structural MVP CSV.
672,SEN3,main_album,team,main_checklist,SEN,Senegal,3,Player sticker,Player sticker,player,standard,global,TRUE,TRUE,False,Checklist Insider,https://www.checklistinsider.com/2026-panini-fifa-world-cup-sticker,Player names are not populated in this structural MVP CSV.
673,SEN4,main_album,team,main_checklist,SEN,Senegal,4,Player sticker,Player sticker,player,standard,global,TRUE,TRUE,False,Checklist Insider,https://www.checklistinsider.com/2026-panini-fifa-world-cup-sticker,Player names are not populated in this structural MVP CSV.
674,SEN5,main_album,team,main_checklist,SEN,Senegal,5,Player sticker,Player sticker,player,standard,global,TRUE,TRUE,False,Checklist Insider,https://www.checklistinsider.com/2026-panini-fifa-world-cup-sticker,Player names are not populated in this structural MVP CSV.
675,SEN6,main_album,team,main_checklist,SEN,Senegal,6,Player sticker,Player sticker,player,standard,global,TRUE,TRUE,False,Checklist Insider,https://www.checklistinsider.com/2026-panini-fifa-world-cup-sticker,Player names are not populated in this structural MVP CSV.
676,SEN7,main_album,team,main_checklist,SEN,Senegal,7,Player sticker,Player sticker,player,standard,global,TRUE,TRUE,False,Checklist Insider,https://www.checklistinsider.com/2026-panini-fifa-world-cup-sticker,Player names are not populated in this structural MVP CSV.
677,SEN8,main_album,team,main_checklist,SEN,Senegal,8,Player sticker,Player sticker,player,standard,global,TRUE,TRUE,False,Checklist Insider,https://www.checklistinsider.com/2026-panini-fifa-world-cup-sticker,Player names are not populated in this structural MVP CSV.
678,SEN9,main_album,team,main_checklist,SEN,Senegal,9,Player sticker,Player sticker,player,standard,global,TRUE,TRUE,False,Checklist Insider,https://www.checklistinsider.com/2026-panini-fifa-world-cup-sticker,Player names are not populated in this structural MVP CSV.
679,SEN10,main_album,team,main_checklist,SEN,Senegal,10,Player sticker,Player sticker,player,standard,global,TRUE,TRUE,False,Checklist Insider,https://www.checklistinsider.com/2026-panini-fifa-world-cup-sticker,Player names are not populated in this structural MVP CSV.
680,SEN11,main_album,team,main_checklist,SEN,Senegal,11,Player sticker,Player sticker,player,standard,global,TRUE,TRUE,False,Checklist Insider,https://www.checklistinsider.com/2026-panini-fifa-world-cup-sticker,Player names are not populated in this structural MVP CSV.
681,SEN12,main_album,team,main_checklist,SEN,Senegal,12,Player sticker,Player sticker,player,standard,global,TRUE,TRUE,False,Checklist Insider,https://www.checklistinsider.com/2026-panini-fifa-world-cup-sticker,Player names are not populated in this structural MVP CSV.
682,SEN13,main_album,team,main_checklist,SEN,Senegal,13,Team Photo,,team_photo,standard,global,TRUE,TRUE,False,Checklist Insider,https://www.checklistinsider.com/2026-panini-fifa-world-cup-sticker,Player names are not populated in this structural MVP CSV.
683,SEN14,main_album,team,main_checklist,SEN,Senegal,14,Player sticker,Player sticker,player,standard,global,TRUE,TRUE,False,Checklist Insider,https://www.checklistinsider.com/2026-panini-fifa-world-cup-sticker,Player names are not populated in this structural MVP CSV.
684,SEN15,main_album,team,main_checklist,SEN,Senegal,15,Player sticker,Player sticker,player,standard,global,TRUE,TRUE,False,Checklist Insider,https://www.checklistinsider.com/2026-panini-fifa-world-cup-sticker,Player names are not populated in this structural MVP CSV.
685,SEN16,main_album,team,main_checklist,SEN,Senegal,16,Player sticker,Player sticker,player,standard,global,TRUE,TRUE,False,Checklist Insider,https://www.checklistinsider.com/2026-panini-fifa-world-cup-sticker,Player names are not populated in this structural MVP CSV.
686,SEN17,main_album,team,main_checklist,SEN,Senegal,17,Player sticker,Player sticker,player,standard,global,TRUE,TRUE,False,Checklist Insider,https://www.checklistinsider.com/2026-panini-fifa-world-cup-sticker,Player names are not populated in this structural MVP CSV.
687,SEN18,main_album,team,main_checklist,SEN,Senegal,18,Player sticker,Player sticker,player,standard,global,TRUE,TRUE,False,Checklist Insider,https://www.checklistinsider.com/2026-panini-fifa-world-cup-sticker,Player names are not populated in this structural MVP CSV.
688,SEN19,main_album,team,main_checklist,SEN,Senegal,19,Player sticker,Player sticker,player,standard,global,TRUE,TRUE,False,Checklist Insider,https://www.checklistinsider.com/2026-panini-fifa-world-cup-sticker,Player names are not populated in this structural MVP CSV.
689,SEN20,main_album,team,main_checklist,SEN,Senegal,20,Player sticker,Player sticker,player,standard,global,TRUE,TRUE,False,Checklist Insider,https://www.checklistinsider.com/2026-panini-fifa-world-cup-sticker,Player names are not populated in this structural MVP CSV.
690,IRQ1,main_album,team,main_checklist,IRQ,Iraq,1,Team Logo,,team_logo,standard,global,TRUE,TRUE,True,Checklist Insider,https://www.checklistinsider.com/2026-panini-fifa-world-cup-sticker,Player names are not populated in this structural MVP CSV.
691,IRQ2,main_album,team,main_checklist,IRQ,Iraq,2,Player sticker,Player sticker,player,standard,global,TRUE,TRUE,False,Checklist Insider,https://www.checklistinsider.com/2026-panini-fifa-world-cup-sticker,Player names are not populated in this structural MVP CSV.
692,IRQ3,main_album,team,main_checklist,IRQ,Iraq,3,Player sticker,Player sticker,player,standard,global,TRUE,TRUE,False,Checklist Insider,https://www.checklistinsider.com/2026-panini-fifa-world-cup-sticker,Player names are not populated in this structural MVP CSV.
693,IRQ4,main_album,team,main_checklist,IRQ,Iraq,4,Player sticker,Player sticker,player,standard,global,TRUE,TRUE,False,Checklist Insider,https://www.checklistinsider.com/2026-panini-fifa-world-cup-sticker,Player names are not populated in this structural MVP CSV.
694,IRQ5,main_album,team,main_checklist,IRQ,Iraq,5,Player sticker,Player sticker,player,standard,global,TRUE,TRUE,False,Checklist Insider,https://www.checklistinsider.com/2026-panini-fifa-world-cup-sticker,Player names are not populated in this structural MVP CSV.
695,IRQ6,main_album,team,main_checklist,IRQ,Iraq,6,Player sticker,Player sticker,player,standard,global,TRUE,TRUE,False,Checklist Insider,https://www.checklistinsider.com/2026-panini-fifa-world-cup-sticker,Player names are not populated in this structural MVP CSV.
696,IRQ7,main_album,team,main_checklist,IRQ,Iraq,7,Player sticker,Player sticker,player,standard,global,TRUE,TRUE,False,Checklist Insider,https://www.checklistinsider.com/2026-panini-fifa-world-cup-sticker,Player names are not populated in this structural MVP CSV.
697,IRQ8,main_album,team,main_checklist,IRQ,Iraq,8,Player sticker,Player sticker,player,standard,global,TRUE,TRUE,False,Checklist Insider,https://www.checklistinsider.com/2026-panini-fifa-world-cup-sticker,Player names are not populated in this structural MVP CSV.
698,IRQ9,main_album,team,main_checklist,IRQ,Iraq,9,Player sticker,Player sticker,player,standard,global,TRUE,TRUE,False,Checklist Insider,https://www.checklistinsider.com/2026-panini-fifa-world-cup-sticker,Player names are not populated in this structural MVP CSV.
699,IRQ10,main_album,team,main_checklist,IRQ,Iraq,10,Player sticker,Player sticker,player,standard,global,TRUE,TRUE,False,Checklist Insider,https://www.checklistinsider.com/2026-panini-fifa-world-cup-sticker,Player names are not populated in this structural MVP CSV.
700,IRQ11,main_album,team,main_checklist,IRQ,Iraq,11,Player sticker,Player sticker,player,standard,global,TRUE,TRUE,False,Checklist Insider,https://www.checklistinsider.com/2026-panini-fifa-world-cup-sticker,Player names are not populated in this structural MVP CSV.
701,IRQ12,main_album,team,main_checklist,IRQ,Iraq,12,Player sticker,Player sticker,player,standard,global,TRUE,TRUE,False,Checklist Insider,https://www.checklistinsider.com/2026-panini-fifa-world-cup-sticker,Player names are not populated in this structural MVP CSV.
702,IRQ13,main_album,team,main_checklist,IRQ,Iraq,13,Team Photo,,team_photo,standard,global,TRUE,TRUE,False,Checklist Insider,https://www.checklistinsider.com/2026-panini-fifa-world-cup-sticker,Player names are not populated in this structural MVP CSV.
703,IRQ14,main_album,team,main_checklist,IRQ,Iraq,14,Player sticker,Player sticker,player,standard,global,TRUE,TRUE,False,Checklist Insider,https://www.checklistinsider.com/2026-panini-fifa-world-cup-sticker,Player names are not populated in this structural MVP CSV.
704,IRQ15,main_album,team,main_checklist,IRQ,Iraq,15,Player sticker,Player sticker,player,standard,global,TRUE,TRUE,False,Checklist Insider,https://www.checklistinsider.com/2026-panini-fifa-world-cup-sticker,Player names are not populated in this structural MVP CSV.
705,IRQ16,main_album,team,main_checklist,IRQ,Iraq,16,Player sticker,Player sticker,player,standard,global,TRUE,TRUE,False,Checklist Insider,https://www.checklistinsider.com/2026-panini-fifa-world-cup-sticker,Player names are not populated in this structural MVP CSV.
706,IRQ17,main_album,team,main_checklist,IRQ,Iraq,17,Player sticker,Player sticker,player,standard,global,TRUE,TRUE,False,Checklist Insider,https://www.checklistinsider.com/2026-panini-fifa-world-cup-sticker,Player names are not populated in this structural MVP CSV.
707,IRQ18,main_album,team,main_checklist,IRQ,Iraq,18,Player sticker,Player sticker,player,standard,global,TRUE,TRUE,False,Checklist Insider,https://www.checklistinsider.com/2026-panini-fifa-world-cup-sticker,Player names are not populated in this structural MVP CSV.
708,IRQ19,main_album,team,main_checklist,IRQ,Iraq,19,Player sticker,Player sticker,player,standard,global,TRUE,TRUE,False,Checklist Insider,https://www.checklistinsider.com/2026-panini-fifa-world-cup-sticker,Player names are not populated in this structural MVP CSV.
709,IRQ20,main_album,team,main_checklist,IRQ,Iraq,20,Player sticker,Player sticker,player,standard,global,TRUE,TRUE,False,Checklist Insider,https://www.checklistinsider.com/2026-panini-fifa-world-cup-sticker,Player names are not populated in this structural MVP CSV.
710,NOR1,main_album,team,main_checklist,NOR,Norway,1,Team Logo,,team_logo,standard,global,TRUE,TRUE,True,Checklist Insider,https://www.checklistinsider.com/2026-panini-fifa-world-cup-sticker,Player names are not populated in this structural MVP CSV.
711,NOR2,main_album,team,main_checklist,NOR,Norway,2,Player sticker,Player sticker,player,standard,global,TRUE,TRUE,False,Checklist Insider,https://www.checklistinsider.com/2026-panini-fifa-world-cup-sticker,Player names are not populated in this structural MVP CSV.
712,NOR3,main_album,team,main_checklist,NOR,Norway,3,Player sticker,Player sticker,player,standard,global,TRUE,TRUE,False,Checklist Insider,https://www.checklistinsider.com/2026-panini-fifa-world-cup-sticker,Player names are not populated in this structural MVP CSV.
713,NOR4,main_album,team,main_checklist,NOR,Norway,4,Player sticker,Player sticker,player,standard,global,TRUE,TRUE,False,Checklist Insider,https://www.checklistinsider.com/2026-panini-fifa-world-cup-sticker,Player names are not populated in this structural MVP CSV.
714,NOR5,main_album,team,main_checklist,NOR,Norway,5,Player sticker,Player sticker,player,standard,global,TRUE,TRUE,False,Checklist Insider,https://www.checklistinsider.com/2026-panini-fifa-world-cup-sticker,Player names are not populated in this structural MVP CSV.
715,NOR6,main_album,team,main_checklist,NOR,Norway,6,Player sticker,Player sticker,player,standard,global,TRUE,TRUE,False,Checklist Insider,https://www.checklistinsider.com/2026-panini-fifa-world-cup-sticker,Player names are not populated in this structural MVP CSV.
716,NOR7,main_album,team,main_checklist,NOR,Norway,7,Player sticker,Player sticker,player,standard,global,TRUE,TRUE,False,Checklist Insider,https://www.checklistinsider.com/2026-panini-fifa-world-cup-sticker,Player names are not populated in this structural MVP CSV.
717,NOR8,main_album,team,main_checklist,NOR,Norway,8,Player sticker,Player sticker,player,standard,global,TRUE,TRUE,False,Checklist Insider,https://www.checklistinsider.com/2026-panini-fifa-world-cup-sticker,Player names are not populated in this structural MVP CSV.
718,NOR9,main_album,team,main_checklist,NOR,Norway,9,Player sticker,Player sticker,player,standard,global,TRUE,TRUE,False,Checklist Insider,https://www.checklistinsider.com/2026-panini-fifa-world-cup-sticker,Player names are not populated in this structural MVP CSV.
719,NOR10,main_album,team,main_checklist,NOR,Norway,10,Player sticker,Player sticker,player,standard,global,TRUE,TRUE,False,Checklist Insider,https://www.checklistinsider.com/2026-panini-fifa-world-cup-sticker,Player names are not populated in this structural MVP CSV.
720,NOR11,main_album,team,main_checklist,NOR,Norway,11,Player sticker,Player sticker,player,standard,global,TRUE,TRUE,False,Checklist Insider,https://www.checklistinsider.com/2026-panini-fifa-world-cup-sticker,Player names are not populated in this structural MVP CSV.
721,NOR12,main_album,team,main_checklist,NOR,Norway,12,Player sticker,Player sticker,player,standard,global,TRUE,TRUE,False,Checklist Insider,https://www.checklistinsider.com/2026-panini-fifa-world-cup-sticker,Player names are not populated in this structural MVP CSV.
722,NOR13,main_album,team,main_checklist,NOR,Norway,13,Team Photo,,team_photo,standard,global,TRUE,TRUE,False,Checklist Insider,https://www.checklistinsider.com/2026-panini-fifa-world-cup-sticker,Player names are not populated in this structural MVP CSV.
723,NOR14,main_album,team,main_checklist,NOR,Norway,14,Player sticker,Player sticker,player,standard,global,TRUE,TRUE,False,Checklist Insider,https://www.checklistinsider.com/2026-panini-fifa-world-cup-sticker,Player names are not populated in this structural MVP CSV.
724,NOR15,main_album,team,main_checklist,NOR,Norway,15,Player sticker,Player sticker,player,standard,global,TRUE,TRUE,False,Checklist Insider,https://www.checklistinsider.com/2026-panini-fifa-world-cup-sticker,Player names are not populated in this structural MVP CSV.
725,NOR16,main_album,team,main_checklist,NOR,Norway,16,Player sticker,Player sticker,player,standard,global,TRUE,TRUE,False,Checklist Insider,https://www.checklistinsider.com/2026-panini-fifa-world-cup-sticker,Player names are not populated in this structural MVP CSV.
726,NOR17,main_album,team,main_checklist,NOR,Norway,17,Player sticker,Player sticker,player,standard,global,TRUE,TRUE,False,Checklist Insider,https://www.checklistinsider.com/2026-panini-fifa-world-cup-sticker,Player names are not populated in this structural MVP CSV.
727,NOR18,main_album,team,main_checklist,NOR,Norway,18,Player sticker,Player sticker,player,standard,global,TRUE,TRUE,False,Checklist Insider,https://www.checklistinsider.com/2026-panini-fifa-world-cup-sticker,Player names are not populated in this structural MVP CSV.
728,NOR19,main_album,team,main_checklist,NOR,Norway,19,Player sticker,Player sticker,player,standard,global,TRUE,TRUE,False,Checklist Insider,https://www.checklistinsider.com/2026-panini-fifa-world-cup-sticker,Player names are not populated in this structural MVP CSV.
729,NOR20,main_album,team,main_checklist,NOR,Norway,20,Player sticker,Player sticker,player,standard,global,TRUE,TRUE,False,Checklist Insider,https://www.checklistinsider.com/2026-panini-fifa-world-cup-sticker,Player names are not populated in this structural MVP CSV.
730,ARG1,main_album,team,main_checklist,ARG,Argentina,1,Team Logo,,team_logo,standard,global,TRUE,TRUE,True,Checklist Insider,https://www.checklistinsider.com/2026-panini-fifa-world-cup-sticker,Player names are not populated in this structural MVP CSV.
731,ARG2,main_album,team,main_checklist,ARG,Argentina,2,Player sticker,Player sticker,player,standard,global,TRUE,TRUE,False,Checklist Insider,https://www.checklistinsider.com/2026-panini-fifa-world-cup-sticker,Player names are not populated in this structural MVP CSV.
732,ARG3,main_album,team,main_checklist,ARG,Argentina,3,Player sticker,Player sticker,player,standard,global,TRUE,TRUE,False,Checklist Insider,https://www.checklistinsider.com/2026-panini-fifa-world-cup-sticker,Player names are not populated in this structural MVP CSV.
733,ARG4,main_album,team,main_checklist,ARG,Argentina,4,Player sticker,Player sticker,player,standard,global,TRUE,TRUE,False,Checklist Insider,https://www.checklistinsider.com/2026-panini-fifa-world-cup-sticker,Player names are not populated in this structural MVP CSV.
734,ARG5,main_album,team,main_checklist,ARG,Argentina,5,Player sticker,Player sticker,player,standard,global,TRUE,TRUE,False,Checklist Insider,https://www.checklistinsider.com/2026-panini-fifa-world-cup-sticker,Player names are not populated in this structural MVP CSV.
735,ARG6,main_album,team,main_checklist,ARG,Argentina,6,Player sticker,Player sticker,player,standard,global,TRUE,TRUE,False,Checklist Insider,https://www.checklistinsider.com/2026-panini-fifa-world-cup-sticker,Player names are not populated in this structural MVP CSV.
736,ARG7,main_album,team,main_checklist,ARG,Argentina,7,Player sticker,Player sticker,player,standard,global,TRUE,TRUE,False,Checklist Insider,https://www.checklistinsider.com/2026-panini-fifa-world-cup-sticker,Player names are not populated in this structural MVP CSV.
737,ARG8,main_album,team,main_checklist,ARG,Argentina,8,Player sticker,Player sticker,player,standard,global,TRUE,TRUE,False,Checklist Insider,https://www.checklistinsider.com/2026-panini-fifa-world-cup-sticker,Player names are not populated in this structural MVP CSV.
738,ARG9,main_album,team,main_checklist,ARG,Argentina,9,Player sticker,Player sticker,player,standard,global,TRUE,TRUE,False,Checklist Insider,https://www.checklistinsider.com/2026-panini-fifa-world-cup-sticker,Player names are not populated in this structural MVP CSV.
739,ARG10,main_album,team,main_checklist,ARG,Argentina,10,Player sticker,Player sticker,player,standard,global,TRUE,TRUE,False,Checklist Insider,https://www.checklistinsider.com/2026-panini-fifa-world-cup-sticker,Player names are not populated in this structural MVP CSV.
740,ARG11,main_album,team,main_checklist,ARG,Argentina,11,Player sticker,Player sticker,player,standard,global,TRUE,TRUE,False,Checklist Insider,https://www.checklistinsider.com/2026-panini-fifa-world-cup-sticker,Player names are not populated in this structural MVP CSV.
741,ARG12,main_album,team,main_checklist,ARG,Argentina,12,Player sticker,Player sticker,player,standard,global,TRUE,TRUE,False,Checklist Insider,https://www.checklistinsider.com/2026-panini-fifa-world-cup-sticker,Player names are not populated in this structural MVP CSV.
742,ARG13,main_album,team,main_checklist,ARG,Argentina,13,Team Photo,,team_photo,standard,global,TRUE,TRUE,False,Checklist Insider,https://www.checklistinsider.com/2026-panini-fifa-world-cup-sticker,Player names are not populated in this structural MVP CSV.
743,ARG14,main_album,team,main_checklist,ARG,Argentina,14,Player sticker,Player sticker,player,standard,global,TRUE,TRUE,False,Checklist Insider,https://www.checklistinsider.com/2026-panini-fifa-world-cup-sticker,Player names are not populated in this structural MVP CSV.
744,ARG15,main_album,team,main_checklist,ARG,Argentina,15,Player sticker,Player sticker,player,standard,global,TRUE,TRUE,False,Checklist Insider,https://www.checklistinsider.com/2026-panini-fifa-world-cup-sticker,Player names are not populated in this structural MVP CSV.
745,ARG16,main_album,team,main_checklist,ARG,Argentina,16,Player sticker,Player sticker,player,standard,global,TRUE,TRUE,False,Checklist Insider,https://www.checklistinsider.com/2026-panini-fifa-world-cup-sticker,Player names are not populated in this structural MVP CSV.
746,ARG17,main_album,team,main_checklist,ARG,Argentina,17,Player sticker,Player sticker,player,standard,global,TRUE,TRUE,False,Checklist Insider,https://www.checklistinsider.com/2026-panini-fifa-world-cup-sticker,Player names are not populated in this structural MVP CSV.
747,ARG18,main_album,team,main_checklist,ARG,Argentina,18,Player sticker,Player sticker,player,standard,global,TRUE,TRUE,False,Checklist Insider,https://www.checklistinsider.com/2026-panini-fifa-world-cup-sticker,Player names are not populated in this structural MVP CSV.
748,ARG19,main_album,team,main_checklist,ARG,Argentina,19,Player sticker,Player sticker,player,standard,global,TRUE,TRUE,False,Checklist Insider,https://www.checklistinsider.com/2026-panini-fifa-world-cup-sticker,Player names are not populated in this structural MVP CSV.
749,ARG20,main_album,team,main_checklist,ARG,Argentina,20,Player sticker,Player sticker,player,standard,global,TRUE,TRUE,False,Checklist Insider,https://www.checklistinsider.com/2026-panini-fifa-world-cup-sticker,Player names are not populated in this structural MVP CSV.
750,ALG1,main_album,team,main_checklist,ALG,Algeria,1,Team Logo,,team_logo,standard,global,TRUE,TRUE,True,Checklist Insider,https://www.checklistinsider.com/2026-panini-fifa-world-cup-sticker,Player names are not populated in this structural MVP CSV.
751,ALG2,main_album,team,main_checklist,ALG,Algeria,2,Player sticker,Player sticker,player,standard,global,TRUE,TRUE,False,Checklist Insider,https://www.checklistinsider.com/2026-panini-fifa-world-cup-sticker,Player names are not populated in this structural MVP CSV.
752,ALG3,main_album,team,main_checklist,ALG,Algeria,3,Player sticker,Player sticker,player,standard,global,TRUE,TRUE,False,Checklist Insider,https://www.checklistinsider.com/2026-panini-fifa-world-cup-sticker,Player names are not populated in this structural MVP CSV.
753,ALG4,main_album,team,main_checklist,ALG,Algeria,4,Player sticker,Player sticker,player,standard,global,TRUE,TRUE,False,Checklist Insider,https://www.checklistinsider.com/2026-panini-fifa-world-cup-sticker,Player names are not populated in this structural MVP CSV.
754,ALG5,main_album,team,main_checklist,ALG,Algeria,5,Player sticker,Player sticker,player,standard,global,TRUE,TRUE,False,Checklist Insider,https://www.checklistinsider.com/2026-panini-fifa-world-cup-sticker,Player names are not populated in this structural MVP CSV.
755,ALG6,main_album,team,main_checklist,ALG,Algeria,6,Player sticker,Player sticker,player,standard,global,TRUE,TRUE,False,Checklist Insider,https://www.checklistinsider.com/2026-panini-fifa-world-cup-sticker,Player names are not populated in this structural MVP CSV.
756,ALG7,main_album,team,main_checklist,ALG,Algeria,7,Player sticker,Player sticker,player,standard,global,TRUE,TRUE,False,Checklist Insider,https://www.checklistinsider.com/2026-panini-fifa-world-cup-sticker,Player names are not populated in this structural MVP CSV.
757,ALG8,main_album,team,main_checklist,ALG,Algeria,8,Player sticker,Player sticker,player,standard,global,TRUE,TRUE,False,Checklist Insider,https://www.checklistinsider.com/2026-panini-fifa-world-cup-sticker,Player names are not populated in this structural MVP CSV.
758,ALG9,main_album,team,main_checklist,ALG,Algeria,9,Player sticker,Player sticker,player,standard,global,TRUE,TRUE,False,Checklist Insider,https://www.checklistinsider.com/2026-panini-fifa-world-cup-sticker,Player names are not populated in this structural MVP CSV.
759,ALG10,main_album,team,main_checklist,ALG,Algeria,10,Player sticker,Player sticker,player,standard,global,TRUE,TRUE,False,Checklist Insider,https://www.checklistinsider.com/2026-panini-fifa-world-cup-sticker,Player names are not populated in this structural MVP CSV.
760,ALG11,main_album,team,main_checklist,ALG,Algeria,11,Player sticker,Player sticker,player,standard,global,TRUE,TRUE,False,Checklist Insider,https://www.checklistinsider.com/2026-panini-fifa-world-cup-sticker,Player names are not populated in this structural MVP CSV.
761,ALG12,main_album,team,main_checklist,ALG,Algeria,12,Player sticker,Player sticker,player,standard,global,TRUE,TRUE,False,Checklist Insider,https://www.checklistinsider.com/2026-panini-fifa-world-cup-sticker,Player names are not populated in this structural MVP CSV.
762,ALG13,main_album,team,main_checklist,ALG,Algeria,13,Team Photo,,team_photo,standard,global,TRUE,TRUE,False,Checklist Insider,https://www.checklistinsider.com/2026-panini-fifa-world-cup-sticker,Player names are not populated in this structural MVP CSV.
763,ALG14,main_album,team,main_checklist,ALG,Algeria,14,Player sticker,Player sticker,player,standard,global,TRUE,TRUE,False,Checklist Insider,https://www.checklistinsider.com/2026-panini-fifa-world-cup-sticker,Player names are not populated in this structural MVP CSV.
764,ALG15,main_album,team,main_checklist,ALG,Algeria,15,Player sticker,Player sticker,player,standard,global,TRUE,TRUE,False,Checklist Insider,https://www.checklistinsider.com/2026-panini-fifa-world-cup-sticker,Player names are not populated in this structural MVP CSV.
765,ALG16,main_album,team,main_checklist,ALG,Algeria,16,Player sticker,Player sticker,player,standard,global,TRUE,TRUE,False,Checklist Insider,https://www.checklistinsider.com/2026-panini-fifa-world-cup-sticker,Player names are not populated in this structural MVP CSV.
766,ALG17,main_album,team,main_checklist,ALG,Algeria,17,Player sticker,Player sticker,player,standard,global,TRUE,TRUE,False,Checklist Insider,https://www.checklistinsider.com/2026-panini-fifa-world-cup-sticker,Player names are not populated in this structural MVP CSV.
767,ALG18,main_album,team,main_checklist,ALG,Algeria,18,Player sticker,Player sticker,player,standard,global,TRUE,TRUE,False,Checklist Insider,https://www.checklistinsider.com/2026-panini-fifa-world-cup-sticker,Player names are not populated in this structural MVP CSV.
768,ALG19,main_album,team,main_checklist,ALG,Algeria,19,Player sticker,Player sticker,player,standard,global,TRUE,TRUE,False,Checklist Insider,https://www.checklistinsider.com/2026-panini-fifa-world-cup-sticker,Player names are not populated in this structural MVP CSV.
769,ALG20,main_album,team,main_checklist,ALG,Algeria,20,Player sticker,Player sticker,player,standard,global,TRUE,TRUE,False,Checklist Insider,https://www.checklistinsider.com/2026-panini-fifa-world-cup-sticker,Player names are not populated in this structural MVP CSV.
770,AUT1,main_album,team,main_checklist,AUT,Austria,1,Team Logo,,team_logo,standard,global,TRUE,TRUE,True,Checklist Insider,https://www.checklistinsider.com/2026-panini-fifa-world-cup-sticker,Player names are not populated in this structural MVP CSV.
771,AUT2,main_album,team,main_checklist,AUT,Austria,2,Player sticker,Player sticker,player,standard,global,TRUE,TRUE,False,Checklist Insider,https://www.checklistinsider.com/2026-panini-fifa-world-cup-sticker,Player names are not populated in this structural MVP CSV.
772,AUT3,main_album,team,main_checklist,AUT,Austria,3,Player sticker,Player sticker,player,standard,global,TRUE,TRUE,False,Checklist Insider,https://www.checklistinsider.com/2026-panini-fifa-world-cup-sticker,Player names are not populated in this structural MVP CSV.
773,AUT4,main_album,team,main_checklist,AUT,Austria,4,Player sticker,Player sticker,player,standard,global,TRUE,TRUE,False,Checklist Insider,https://www.checklistinsider.com/2026-panini-fifa-world-cup-sticker,Player names are not populated in this structural MVP CSV.
774,AUT5,main_album,team,main_checklist,AUT,Austria,5,Player sticker,Player sticker,player,standard,global,TRUE,TRUE,False,Checklist Insider,https://www.checklistinsider.com/2026-panini-fifa-world-cup-sticker,Player names are not populated in this structural MVP CSV.
775,AUT6,main_album,team,main_checklist,AUT,Austria,6,Player sticker,Player sticker,player,standard,global,TRUE,TRUE,False,Checklist Insider,https://www.checklistinsider.com/2026-panini-fifa-world-cup-sticker,Player names are not populated in this structural MVP CSV.
776,AUT7,main_album,team,main_checklist,AUT,Austria,7,Player sticker,Player sticker,player,standard,global,TRUE,TRUE,False,Checklist Insider,https://www.checklistinsider.com/2026-panini-fifa-world-cup-sticker,Player names are not populated in this structural MVP CSV.
777,AUT8,main_album,team,main_checklist,AUT,Austria,8,Player sticker,Player sticker,player,standard,global,TRUE,TRUE,False,Checklist Insider,https://www.checklistinsider.com/2026-panini-fifa-world-cup-sticker,Player names are not populated in this structural MVP CSV.
778,AUT9,main_album,team,main_checklist,AUT,Austria,9,Player sticker,Player sticker,player,standard,global,TRUE,TRUE,False,Checklist Insider,https://www.checklistinsider.com/2026-panini-fifa-world-cup-sticker,Player names are not populated in this structural MVP CSV.
779,AUT10,main_album,team,main_checklist,AUT,Austria,10,Player sticker,Player sticker,player,standard,global,TRUE,TRUE,False,Checklist Insider,https://www.checklistinsider.com/2026-panini-fifa-world-cup-sticker,Player names are not populated in this structural MVP CSV.
780,AUT11,main_album,team,main_checklist,AUT,Austria,11,Player sticker,Player sticker,player,standard,global,TRUE,TRUE,False,Checklist Insider,https://www.checklistinsider.com/2026-panini-fifa-world-cup-sticker,Player names are not populated in this structural MVP CSV.
781,AUT12,main_album,team,main_checklist,AUT,Austria,12,Player sticker,Player sticker,player,standard,global,TRUE,TRUE,False,Checklist Insider,https://www.checklistinsider.com/2026-panini-fifa-world-cup-sticker,Player names are not populated in this structural MVP CSV.
782,AUT13,main_album,team,main_checklist,AUT,Austria,13,Team Photo,,team_photo,standard,global,TRUE,TRUE,False,Checklist Insider,https://www.checklistinsider.com/2026-panini-fifa-world-cup-sticker,Player names are not populated in this structural MVP CSV.
783,AUT14,main_album,team,main_checklist,AUT,Austria,14,Player sticker,Player sticker,player,standard,global,TRUE,TRUE,False,Checklist Insider,https://www.checklistinsider.com/2026-panini-fifa-world-cup-sticker,Player names are not populated in this structural MVP CSV.
784,AUT15,main_album,team,main_checklist,AUT,Austria,15,Player sticker,Player sticker,player,standard,global,TRUE,TRUE,False,Checklist Insider,https://www.checklistinsider.com/2026-panini-fifa-world-cup-sticker,Player names are not populated in this structural MVP CSV.
785,AUT16,main_album,team,main_checklist,AUT,Austria,16,Player sticker,Player sticker,player,standard,global,TRUE,TRUE,False,Checklist Insider,https://www.checklistinsider.com/2026-panini-fifa-world-cup-sticker,Player names are not populated in this structural MVP CSV.
786,AUT17,main_album,team,main_checklist,AUT,Austria,17,Player sticker,Player sticker,player,standard,global,TRUE,TRUE,False,Checklist Insider,https://www.checklistinsider.com/2026-panini-fifa-world-cup-sticker,Player names are not populated in this structural MVP CSV.
787,AUT18,main_album,team,main_checklist,AUT,Austria,18,Player sticker,Player sticker,player,standard,global,TRUE,TRUE,False,Checklist Insider,https://www.checklistinsider.com/2026-panini-fifa-world-cup-sticker,Player names are not populated in this structural MVP CSV.
788,AUT19,main_album,team,main_checklist,AUT,Austria,19,Player sticker,Player sticker,player,standard,global,TRUE,TRUE,False,Checklist Insider,https://www.checklistinsider.com/2026-panini-fifa-world-cup-sticker,Player names are not populated in this structural MVP CSV.
789,AUT20,main_album,team,main_checklist,AUT,Austria,20,Player sticker,Player sticker,player,standard,global,TRUE,TRUE,False,Checklist Insider,https://www.checklistinsider.com/2026-panini-fifa-world-cup-sticker,Player names are not populated in this structural MVP CSV.
790,JOR1,main_album,team,main_checklist,JOR,Jordan,1,Team Logo,,team_logo,standard,global,TRUE,TRUE,True,Checklist Insider,https://www.checklistinsider.com/2026-panini-fifa-world-cup-sticker,Player names are not populated in this structural MVP CSV.
791,JOR2,main_album,team,main_checklist,JOR,Jordan,2,Player sticker,Player sticker,player,standard,global,TRUE,TRUE,False,Checklist Insider,https://www.checklistinsider.com/2026-panini-fifa-world-cup-sticker,Player names are not populated in this structural MVP CSV.
792,JOR3,main_album,team,main_checklist,JOR,Jordan,3,Player sticker,Player sticker,player,standard,global,TRUE,TRUE,False,Checklist Insider,https://www.checklistinsider.com/2026-panini-fifa-world-cup-sticker,Player names are not populated in this structural MVP CSV.
793,JOR4,main_album,team,main_checklist,JOR,Jordan,4,Player sticker,Player sticker,player,standard,global,TRUE,TRUE,False,Checklist Insider,https://www.checklistinsider.com/2026-panini-fifa-world-cup-sticker,Player names are not populated in this structural MVP CSV.
794,JOR5,main_album,team,main_checklist,JOR,Jordan,5,Player sticker,Player sticker,player,standard,global,TRUE,TRUE,False,Checklist Insider,https://www.checklistinsider.com/2026-panini-fifa-world-cup-sticker,Player names are not populated in this structural MVP CSV.
795,JOR6,main_album,team,main_checklist,JOR,Jordan,6,Player sticker,Player sticker,player,standard,global,TRUE,TRUE,False,Checklist Insider,https://www.checklistinsider.com/2026-panini-fifa-world-cup-sticker,Player names are not populated in this structural MVP CSV.
796,JOR7,main_album,team,main_checklist,JOR,Jordan,7,Player sticker,Player sticker,player,standard,global,TRUE,TRUE,False,Checklist Insider,https://www.checklistinsider.com/2026-panini-fifa-world-cup-sticker,Player names are not populated in this structural MVP CSV.
797,JOR8,main_album,team,main_checklist,JOR,Jordan,8,Player sticker,Player sticker,player,standard,global,TRUE,TRUE,False,Checklist Insider,https://www.checklistinsider.com/2026-panini-fifa-world-cup-sticker,Player names are not populated in this structural MVP CSV.
798,JOR9,main_album,team,main_checklist,JOR,Jordan,9,Player sticker,Player sticker,player,standard,global,TRUE,TRUE,False,Checklist Insider,https://www.checklistinsider.com/2026-panini-fifa-world-cup-sticker,Player names are not populated in this structural MVP CSV.
799,JOR10,main_album,team,main_checklist,JOR,Jordan,10,Player sticker,Player sticker,player,standard,global,TRUE,TRUE,False,Checklist Insider,https://www.checklistinsider.com/2026-panini-fifa-world-cup-sticker,Player names are not populated in this structural MVP CSV.
800,JOR11,main_album,team,main_checklist,JOR,Jordan,11,Player sticker,Player sticker,player,standard,global,TRUE,TRUE,False,Checklist Insider,https://www.checklistinsider.com/2026-panini-fifa-world-cup-sticker,Player names are not populated in this structural MVP CSV.
801,JOR12,main_album,team,main_checklist,JOR,Jordan,12,Player sticker,Player sticker,player,standard,global,TRUE,TRUE,False,Checklist Insider,https://www.checklistinsider.com/2026-panini-fifa-world-cup-sticker,Player names are not populated in this structural MVP CSV.
802,JOR13,main_album,team,main_checklist,JOR,Jordan,13,Team Photo,,team_photo,standard,global,TRUE,TRUE,False,Checklist Insider,https://www.checklistinsider.com/2026-panini-fifa-world-cup-sticker,Player names are not populated in this structural MVP CSV.
803,JOR14,main_album,team,main_checklist,JOR,Jordan,14,Player sticker,Player sticker,player,standard,global,TRUE,TRUE,False,Checklist Insider,https://www.checklistinsider.com/2026-panini-fifa-world-cup-sticker,Player names are not populated in this structural MVP CSV.
804,JOR15,main_album,team,main_checklist,JOR,Jordan,15,Player sticker,Player sticker,player,standard,global,TRUE,TRUE,False,Checklist Insider,https://www.checklistinsider.com/2026-panini-fifa-world-cup-sticker,Player names are not populated in this structural MVP CSV.
805,JOR16,main_album,team,main_checklist,JOR,Jordan,16,Player sticker,Player sticker,player,standard,global,TRUE,TRUE,False,Checklist Insider,https://www.checklistinsider.com/2026-panini-fifa-world-cup-sticker,Player names are not populated in this structural MVP CSV.
806,JOR17,main_album,team,main_checklist,JOR,Jordan,17,Player sticker,Player sticker,player,standard,global,TRUE,TRUE,False,Checklist Insider,https://www.checklistinsider.com/2026-panini-fifa-world-cup-sticker,Player names are not populated in this structural MVP CSV.
807,JOR18,main_album,team,main_checklist,JOR,Jordan,18,Player sticker,Player sticker,player,standard,global,TRUE,TRUE,False,Checklist Insider,https://www.checklistinsider.com/2026-panini-fifa-world-cup-sticker,Player names are not populated in this structural MVP CSV.
808,JOR19,main_album,team,main_checklist,JOR,Jordan,19,Player sticker,Player sticker,player,standard,global,TRUE,TRUE,False,Checklist Insider,https://www.checklistinsider.com/2026-panini-fifa-world-cup-sticker,Player names are not populated in this structural MVP CSV.
809,JOR20,main_album,team,main_checklist,JOR,Jordan,20,Player sticker,Player sticker,player,standard,global,TRUE,TRUE,False,Checklist Insider,https://www.checklistinsider.com/2026-panini-fifa-world-cup-sticker,Player names are not populated in this structural MVP CSV.
810,POR1,main_album,team,main_checklist,POR,Portugal,1,Team Logo,,team_logo,standard,global,TRUE,TRUE,True,Checklist Insider,https://www.checklistinsider.com/2026-panini-fifa-world-cup-sticker,Player names are not populated in this structural MVP CSV.
811,POR2,main_album,team,main_checklist,POR,Portugal,2,Player sticker,Player sticker,player,standard,global,TRUE,TRUE,False,Checklist Insider,https://www.checklistinsider.com/2026-panini-fifa-world-cup-sticker,Player names are not populated in this structural MVP CSV.
812,POR3,main_album,team,main_checklist,POR,Portugal,3,Player sticker,Player sticker,player,standard,global,TRUE,TRUE,False,Checklist Insider,https://www.checklistinsider.com/2026-panini-fifa-world-cup-sticker,Player names are not populated in this structural MVP CSV.
813,POR4,main_album,team,main_checklist,POR,Portugal,4,Player sticker,Player sticker,player,standard,global,TRUE,TRUE,False,Checklist Insider,https://www.checklistinsider.com/2026-panini-fifa-world-cup-sticker,Player names are not populated in this structural MVP CSV.
814,POR5,main_album,team,main_checklist,POR,Portugal,5,Player sticker,Player sticker,player,standard,global,TRUE,TRUE,False,Checklist Insider,https://www.checklistinsider.com/2026-panini-fifa-world-cup-sticker,Player names are not populated in this structural MVP CSV.
815,POR6,main_album,team,main_checklist,POR,Portugal,6,Player sticker,Player sticker,player,standard,global,TRUE,TRUE,False,Checklist Insider,https://www.checklistinsider.com/2026-panini-fifa-world-cup-sticker,Player names are not populated in this structural MVP CSV.
816,POR7,main_album,team,main_checklist,POR,Portugal,7,Player sticker,Player sticker,player,standard,global,TRUE,TRUE,False,Checklist Insider,https://www.checklistinsider.com/2026-panini-fifa-world-cup-sticker,Player names are not populated in this structural MVP CSV.
817,POR8,main_album,team,main_checklist,POR,Portugal,8,Player sticker,Player sticker,player,standard,global,TRUE,TRUE,False,Checklist Insider,https://www.checklistinsider.com/2026-panini-fifa-world-cup-sticker,Player names are not populated in this structural MVP CSV.
818,POR9,main_album,team,main_checklist,POR,Portugal,9,Player sticker,Player sticker,player,standard,global,TRUE,TRUE,False,Checklist Insider,https://www.checklistinsider.com/2026-panini-fifa-world-cup-sticker,Player names are not populated in this structural MVP CSV.
819,POR10,main_album,team,main_checklist,POR,Portugal,10,Player sticker,Player sticker,player,standard,global,TRUE,TRUE,False,Checklist Insider,https://www.checklistinsider.com/2026-panini-fifa-world-cup-sticker,Player names are not populated in this structural MVP CSV.
820,POR11,main_album,team,main_checklist,POR,Portugal,11,Player sticker,Player sticker,player,standard,global,TRUE,TRUE,False,Checklist Insider,https://www.checklistinsider.com/2026-panini-fifa-world-cup-sticker,Player names are not populated in this structural MVP CSV.
821,POR12,main_album,team,main_checklist,POR,Portugal,12,Player sticker,Player sticker,player,standard,global,TRUE,TRUE,False,Checklist Insider,https://www.checklistinsider.com/2026-panini-fifa-world-cup-sticker,Player names are not populated in this structural MVP CSV.
822,POR13,main_album,team,main_checklist,POR,Portugal,13,Team Photo,,team_photo,standard,global,TRUE,TRUE,False,Checklist Insider,https://www.checklistinsider.com/2026-panini-fifa-world-cup-sticker,Player names are not populated in this structural MVP CSV.
823,POR14,main_album,team,main_checklist,POR,Portugal,14,Player sticker,Player sticker,player,standard,global,TRUE,TRUE,False,Checklist Insider,https://www.checklistinsider.com/2026-panini-fifa-world-cup-sticker,Player names are not populated in this structural MVP CSV.
824,POR15,main_album,team,main_checklist,POR,Portugal,15,Player sticker,Player sticker,player,standard,global,TRUE,TRUE,False,Checklist Insider,https://www.checklistinsider.com/2026-panini-fifa-world-cup-sticker,Player names are not populated in this structural MVP CSV.
825,POR16,main_album,team,main_checklist,POR,Portugal,16,Player sticker,Player sticker,player,standard,global,TRUE,TRUE,False,Checklist Insider,https://www.checklistinsider.com/2026-panini-fifa-world-cup-sticker,Player names are not populated in this structural MVP CSV.
826,POR17,main_album,team,main_checklist,POR,Portugal,17,Player sticker,Player sticker,player,standard,global,TRUE,TRUE,False,Checklist Insider,https://www.checklistinsider.com/2026-panini-fifa-world-cup-sticker,Player names are not populated in this structural MVP CSV.
827,POR18,main_album,team,main_checklist,POR,Portugal,18,Player sticker,Player sticker,player,standard,global,TRUE,TRUE,False,Checklist Insider,https://www.checklistinsider.com/2026-panini-fifa-world-cup-sticker,Player names are not populated in this structural MVP CSV.
828,POR19,main_album,team,main_checklist,POR,Portugal,19,Player sticker,Player sticker,player,standard,global,TRUE,TRUE,False,Checklist Insider,https://www.checklistinsider.com/2026-panini-fifa-world-cup-sticker,Player names are not populated in this structural MVP CSV.
829,POR20,main_album,team,main_checklist,POR,Portugal,20,Player sticker,Player sticker,player,standard,global,TRUE,TRUE,False,Checklist Insider,https://www.checklistinsider.com/2026-panini-fifa-world-cup-sticker,Player names are not populated in this structural MVP CSV.
830,COD1,main_album,team,main_checklist,COD,Congo DR,1,Team Logo,,team_logo,standard,global,TRUE,TRUE,True,Checklist Insider,https://www.checklistinsider.com/2026-panini-fifa-world-cup-sticker,Player names are not populated in this structural MVP CSV.
831,COD2,main_album,team,main_checklist,COD,Congo DR,2,Player sticker,Player sticker,player,standard,global,TRUE,TRUE,False,Checklist Insider,https://www.checklistinsider.com/2026-panini-fifa-world-cup-sticker,Player names are not populated in this structural MVP CSV.
832,COD3,main_album,team,main_checklist,COD,Congo DR,3,Player sticker,Player sticker,player,standard,global,TRUE,TRUE,False,Checklist Insider,https://www.checklistinsider.com/2026-panini-fifa-world-cup-sticker,Player names are not populated in this structural MVP CSV.
833,COD4,main_album,team,main_checklist,COD,Congo DR,4,Player sticker,Player sticker,player,standard,global,TRUE,TRUE,False,Checklist Insider,https://www.checklistinsider.com/2026-panini-fifa-world-cup-sticker,Player names are not populated in this structural MVP CSV.
834,COD5,main_album,team,main_checklist,COD,Congo DR,5,Player sticker,Player sticker,player,standard,global,TRUE,TRUE,False,Checklist Insider,https://www.checklistinsider.com/2026-panini-fifa-world-cup-sticker,Player names are not populated in this structural MVP CSV.
835,COD6,main_album,team,main_checklist,COD,Congo DR,6,Player sticker,Player sticker,player,standard,global,TRUE,TRUE,False,Checklist Insider,https://www.checklistinsider.com/2026-panini-fifa-world-cup-sticker,Player names are not populated in this structural MVP CSV.
836,COD7,main_album,team,main_checklist,COD,Congo DR,7,Player sticker,Player sticker,player,standard,global,TRUE,TRUE,False,Checklist Insider,https://www.checklistinsider.com/2026-panini-fifa-world-cup-sticker,Player names are not populated in this structural MVP CSV.
837,COD8,main_album,team,main_checklist,COD,Congo DR,8,Player sticker,Player sticker,player,standard,global,TRUE,TRUE,False,Checklist Insider,https://www.checklistinsider.com/2026-panini-fifa-world-cup-sticker,Player names are not populated in this structural MVP CSV.
838,COD9,main_album,team,main_checklist,COD,Congo DR,9,Player sticker,Player sticker,player,standard,global,TRUE,TRUE,False,Checklist Insider,https://www.checklistinsider.com/2026-panini-fifa-world-cup-sticker,Player names are not populated in this structural MVP CSV.
839,COD10,main_album,team,main_checklist,COD,Congo DR,10,Player sticker,Player sticker,player,standard,global,TRUE,TRUE,False,Checklist Insider,https://www.checklistinsider.com/2026-panini-fifa-world-cup-sticker,Player names are not populated in this structural MVP CSV.
840,COD11,main_album,team,main_checklist,COD,Congo DR,11,Player sticker,Player sticker,player,standard,global,TRUE,TRUE,False,Checklist Insider,https://www.checklistinsider.com/2026-panini-fifa-world-cup-sticker,Player names are not populated in this structural MVP CSV.
841,COD12,main_album,team,main_checklist,COD,Congo DR,12,Player sticker,Player sticker,player,standard,global,TRUE,TRUE,False,Checklist Insider,https://www.checklistinsider.com/2026-panini-fifa-world-cup-sticker,Player names are not populated in this structural MVP CSV.
842,COD13,main_album,team,main_checklist,COD,Congo DR,13,Team Photo,,team_photo,standard,global,TRUE,TRUE,False,Checklist Insider,https://www.checklistinsider.com/2026-panini-fifa-world-cup-sticker,Player names are not populated in this structural MVP CSV.
843,COD14,main_album,team,main_checklist,COD,Congo DR,14,Player sticker,Player sticker,player,standard,global,TRUE,TRUE,False,Checklist Insider,https://www.checklistinsider.com/2026-panini-fifa-world-cup-sticker,Player names are not populated in this structural MVP CSV.
844,COD15,main_album,team,main_checklist,COD,Congo DR,15,Player sticker,Player sticker,player,standard,global,TRUE,TRUE,False,Checklist Insider,https://www.checklistinsider.com/2026-panini-fifa-world-cup-sticker,Player names are not populated in this structural MVP CSV.
845,COD16,main_album,team,main_checklist,COD,Congo DR,16,Player sticker,Player sticker,player,standard,global,TRUE,TRUE,False,Checklist Insider,https://www.checklistinsider.com/2026-panini-fifa-world-cup-sticker,Player names are not populated in this structural MVP CSV.
846,COD17,main_album,team,main_checklist,COD,Congo DR,17,Player sticker,Player sticker,player,standard,global,TRUE,TRUE,False,Checklist Insider,https://www.checklistinsider.com/2026-panini-fifa-world-cup-sticker,Player names are not populated in this structural MVP CSV.
847,COD18,main_album,team,main_checklist,COD,Congo DR,18,Player sticker,Player sticker,player,standard,global,TRUE,TRUE,False,Checklist Insider,https://www.checklistinsider.com/2026-panini-fifa-world-cup-sticker,Player names are not populated in this structural MVP CSV.
848,COD19,main_album,team,main_checklist,COD,Congo DR,19,Player sticker,Player sticker,player,standard,global,TRUE,TRUE,False,Checklist Insider,https://www.checklistinsider.com/2026-panini-fifa-world-cup-sticker,Player names are not populated in this structural MVP CSV.
849,COD20,main_album,team,main_checklist,COD,Congo DR,20,Player sticker,Player sticker,player,standard,global,TRUE,TRUE,False,Checklist Insider,https://www.checklistinsider.com/2026-panini-fifa-world-cup-sticker,Player names are not populated in this structural MVP CSV.
850,UZB1,main_album,team,main_checklist,UZB,Uzbekistan,1,Team Logo,,team_logo,standard,global,TRUE,TRUE,True,Checklist Insider,https://www.checklistinsider.com/2026-panini-fifa-world-cup-sticker,Player names are not populated in this structural MVP CSV.
851,UZB2,main_album,team,main_checklist,UZB,Uzbekistan,2,Player sticker,Player sticker,player,standard,global,TRUE,TRUE,False,Checklist Insider,https://www.checklistinsider.com/2026-panini-fifa-world-cup-sticker,Player names are not populated in this structural MVP CSV.
852,UZB3,main_album,team,main_checklist,UZB,Uzbekistan,3,Player sticker,Player sticker,player,standard,global,TRUE,TRUE,False,Checklist Insider,https://www.checklistinsider.com/2026-panini-fifa-world-cup-sticker,Player names are not populated in this structural MVP CSV.
853,UZB4,main_album,team,main_checklist,UZB,Uzbekistan,4,Player sticker,Player sticker,player,standard,global,TRUE,TRUE,False,Checklist Insider,https://www.checklistinsider.com/2026-panini-fifa-world-cup-sticker,Player names are not populated in this structural MVP CSV.
854,UZB5,main_album,team,main_checklist,UZB,Uzbekistan,5,Player sticker,Player sticker,player,standard,global,TRUE,TRUE,False,Checklist Insider,https://www.checklistinsider.com/2026-panini-fifa-world-cup-sticker,Player names are not populated in this structural MVP CSV.
855,UZB6,main_album,team,main_checklist,UZB,Uzbekistan,6,Player sticker,Player sticker,player,standard,global,TRUE,TRUE,False,Checklist Insider,https://www.checklistinsider.com/2026-panini-fifa-world-cup-sticker,Player names are not populated in this structural MVP CSV.
856,UZB7,main_album,team,main_checklist,UZB,Uzbekistan,7,Player sticker,Player sticker,player,standard,global,TRUE,TRUE,False,Checklist Insider,https://www.checklistinsider.com/2026-panini-fifa-world-cup-sticker,Player names are not populated in this structural MVP CSV.
857,UZB8,main_album,team,main_checklist,UZB,Uzbekistan,8,Player sticker,Player sticker,player,standard,global,TRUE,TRUE,False,Checklist Insider,https://www.checklistinsider.com/2026-panini-fifa-world-cup-sticker,Player names are not populated in this structural MVP CSV.
858,UZB9,main_album,team,main_checklist,UZB,Uzbekistan,9,Player sticker,Player sticker,player,standard,global,TRUE,TRUE,False,Checklist Insider,https://www.checklistinsider.com/2026-panini-fifa-world-cup-sticker,Player names are not populated in this structural MVP CSV.
859,UZB10,main_album,team,main_checklist,UZB,Uzbekistan,10,Player sticker,Player sticker,player,standard,global,TRUE,TRUE,False,Checklist Insider,https://www.checklistinsider.com/2026-panini-fifa-world-cup-sticker,Player names are not populated in this structural MVP CSV.
860,UZB11,main_album,team,main_checklist,UZB,Uzbekistan,11,Player sticker,Player sticker,player,standard,global,TRUE,TRUE,False,Checklist Insider,https://www.checklistinsider.com/2026-panini-fifa-world-cup-sticker,Player names are not populated in this structural MVP CSV.
861,UZB12,main_album,team,main_checklist,UZB,Uzbekistan,12,Player sticker,Player sticker,player,standard,global,TRUE,TRUE,False,Checklist Insider,https://www.checklistinsider.com/2026-panini-fifa-world-cup-sticker,Player names are not populated in this structural MVP CSV.
862,UZB13,main_album,team,main_checklist,UZB,Uzbekistan,13,Team Photo,,team_photo,standard,global,TRUE,TRUE,False,Checklist Insider,https://www.checklistinsider.com/2026-panini-fifa-world-cup-sticker,Player names are not populated in this structural MVP CSV.
863,UZB14,main_album,team,main_checklist,UZB,Uzbekistan,14,Player sticker,Player sticker,player,standard,global,TRUE,TRUE,False,Checklist Insider,https://www.checklistinsider.com/2026-panini-fifa-world-cup-sticker,Player names are not populated in this structural MVP CSV.
864,UZB15,main_album,team,main_checklist,UZB,Uzbekistan,15,Player sticker,Player sticker,player,standard,global,TRUE,TRUE,False,Checklist Insider,https://www.checklistinsider.com/2026-panini-fifa-world-cup-sticker,Player names are not populated in this structural MVP CSV.
865,UZB16,main_album,team,main_checklist,UZB,Uzbekistan,16,Player sticker,Player sticker,player,standard,global,TRUE,TRUE,False,Checklist Insider,https://www.checklistinsider.com/2026-panini-fifa-world-cup-sticker,Player names are not populated in this structural MVP CSV.
866,UZB17,main_album,team,main_checklist,UZB,Uzbekistan,17,Player sticker,Player sticker,player,standard,global,TRUE,TRUE,False,Checklist Insider,https://www.checklistinsider.com/2026-panini-fifa-world-cup-sticker,Player names are not populated in this structural MVP CSV.
867,UZB18,main_album,team,main_checklist,UZB,Uzbekistan,18,Player sticker,Player sticker,player,standard,global,TRUE,TRUE,False,Checklist Insider,https://www.checklistinsider.com/2026-panini-fifa-world-cup-sticker,Player names are not populated in this structural MVP CSV.
868,UZB19,main_album,team,main_checklist,UZB,Uzbekistan,19,Player sticker,Player sticker,player,standard,global,TRUE,TRUE,False,Checklist Insider,https://www.checklistinsider.com/2026-panini-fifa-world-cup-sticker,Player names are not populated in this structural MVP CSV.
869,UZB20,main_album,team,main_checklist,UZB,Uzbekistan,20,Player sticker,Player sticker,player,standard,global,TRUE,TRUE,False,Checklist Insider,https://www.checklistinsider.com/2026-panini-fifa-world-cup-sticker,Player names are not populated in this structural MVP CSV.
870,COL1,main_album,team,main_checklist,COL,Colombia,1,Team Logo,,team_logo,standard,global,TRUE,TRUE,True,Checklist Insider,https://www.checklistinsider.com/2026-panini-fifa-world-cup-sticker,Player names are not populated in this structural MVP CSV.
871,COL2,main_album,team,main_checklist,COL,Colombia,2,Player sticker,Player sticker,player,standard,global,TRUE,TRUE,False,Checklist Insider,https://www.checklistinsider.com/2026-panini-fifa-world-cup-sticker,Player names are not populated in this structural MVP CSV.
872,COL3,main_album,team,main_checklist,COL,Colombia,3,Player sticker,Player sticker,player,standard,global,TRUE,TRUE,False,Checklist Insider,https://www.checklistinsider.com/2026-panini-fifa-world-cup-sticker,Player names are not populated in this structural MVP CSV.
873,COL4,main_album,team,main_checklist,COL,Colombia,4,Player sticker,Player sticker,player,standard,global,TRUE,TRUE,False,Checklist Insider,https://www.checklistinsider.com/2026-panini-fifa-world-cup-sticker,Player names are not populated in this structural MVP CSV.
874,COL5,main_album,team,main_checklist,COL,Colombia,5,Player sticker,Player sticker,player,standard,global,TRUE,TRUE,False,Checklist Insider,https://www.checklistinsider.com/2026-panini-fifa-world-cup-sticker,Player names are not populated in this structural MVP CSV.
875,COL6,main_album,team,main_checklist,COL,Colombia,6,Player sticker,Player sticker,player,standard,global,TRUE,TRUE,False,Checklist Insider,https://www.checklistinsider.com/2026-panini-fifa-world-cup-sticker,Player names are not populated in this structural MVP CSV.
876,COL7,main_album,team,main_checklist,COL,Colombia,7,Player sticker,Player sticker,player,standard,global,TRUE,TRUE,False,Checklist Insider,https://www.checklistinsider.com/2026-panini-fifa-world-cup-sticker,Player names are not populated in this structural MVP CSV.
877,COL8,main_album,team,main_checklist,COL,Colombia,8,Player sticker,Player sticker,player,standard,global,TRUE,TRUE,False,Checklist Insider,https://www.checklistinsider.com/2026-panini-fifa-world-cup-sticker,Player names are not populated in this structural MVP CSV.
878,COL9,main_album,team,main_checklist,COL,Colombia,9,Player sticker,Player sticker,player,standard,global,TRUE,TRUE,False,Checklist Insider,https://www.checklistinsider.com/2026-panini-fifa-world-cup-sticker,Player names are not populated in this structural MVP CSV.
879,COL10,main_album,team,main_checklist,COL,Colombia,10,Player sticker,Player sticker,player,standard,global,TRUE,TRUE,False,Checklist Insider,https://www.checklistinsider.com/2026-panini-fifa-world-cup-sticker,Player names are not populated in this structural MVP CSV.
880,COL11,main_album,team,main_checklist,COL,Colombia,11,Player sticker,Player sticker,player,standard,global,TRUE,TRUE,False,Checklist Insider,https://www.checklistinsider.com/2026-panini-fifa-world-cup-sticker,Player names are not populated in this structural MVP CSV.
881,COL12,main_album,team,main_checklist,COL,Colombia,12,Player sticker,Player sticker,player,standard,global,TRUE,TRUE,False,Checklist Insider,https://www.checklistinsider.com/2026-panini-fifa-world-cup-sticker,Player names are not populated in this structural MVP CSV.
882,COL13,main_album,team,main_checklist,COL,Colombia,13,Team Photo,,team_photo,standard,global,TRUE,TRUE,False,Checklist Insider,https://www.checklistinsider.com/2026-panini-fifa-world-cup-sticker,Player names are not populated in this structural MVP CSV.
883,COL14,main_album,team,main_checklist,COL,Colombia,14,Player sticker,Player sticker,player,standard,global,TRUE,TRUE,False,Checklist Insider,https://www.checklistinsider.com/2026-panini-fifa-world-cup-sticker,Player names are not populated in this structural MVP CSV.
884,COL15,main_album,team,main_checklist,COL,Colombia,15,Player sticker,Player sticker,player,standard,global,TRUE,TRUE,False,Checklist Insider,https://www.checklistinsider.com/2026-panini-fifa-world-cup-sticker,Player names are not populated in this structural MVP CSV.
885,COL16,main_album,team,main_checklist,COL,Colombia,16,Player sticker,Player sticker,player,standard,global,TRUE,TRUE,False,Checklist Insider,https://www.checklistinsider.com/2026-panini-fifa-world-cup-sticker,Player names are not populated in this structural MVP CSV.
886,COL17,main_album,team,main_checklist,COL,Colombia,17,Player sticker,Player sticker,player,standard,global,TRUE,TRUE,False,Checklist Insider,https://www.checklistinsider.com/2026-panini-fifa-world-cup-sticker,Player names are not populated in this structural MVP CSV.
887,COL18,main_album,team,main_checklist,COL,Colombia,18,Player sticker,Player sticker,player,standard,global,TRUE,TRUE,False,Checklist Insider,https://www.checklistinsider.com/2026-panini-fifa-world-cup-sticker,Player names are not populated in this structural MVP CSV.
888,COL19,main_album,team,main_checklist,COL,Colombia,19,Player sticker,Player sticker,player,standard,global,TRUE,TRUE,False,Checklist Insider,https://www.checklistinsider.com/2026-panini-fifa-world-cup-sticker,Player names are not populated in this structural MVP CSV.
889,COL20,main_album,team,main_checklist,COL,Colombia,20,Player sticker,Player sticker,player,standard,global,TRUE,TRUE,False,Checklist Insider,https://www.checklistinsider.com/2026-panini-fifa-world-cup-sticker,Player names are not populated in this structural MVP CSV.
890,ENG1,main_album,team,main_checklist,ENG,England,1,Team Logo,,team_logo,standard,global,TRUE,TRUE,True,Checklist Insider,https://www.checklistinsider.com/2026-panini-fifa-world-cup-sticker,Player names are not populated in this structural MVP CSV.
891,ENG2,main_album,team,main_checklist,ENG,England,2,Player sticker,Player sticker,player,standard,global,TRUE,TRUE,False,Checklist Insider,https://www.checklistinsider.com/2026-panini-fifa-world-cup-sticker,Player names are not populated in this structural MVP CSV.
892,ENG3,main_album,team,main_checklist,ENG,England,3,Player sticker,Player sticker,player,standard,global,TRUE,TRUE,False,Checklist Insider,https://www.checklistinsider.com/2026-panini-fifa-world-cup-sticker,Player names are not populated in this structural MVP CSV.
893,ENG4,main_album,team,main_checklist,ENG,England,4,Player sticker,Player sticker,player,standard,global,TRUE,TRUE,False,Checklist Insider,https://www.checklistinsider.com/2026-panini-fifa-world-cup-sticker,Player names are not populated in this structural MVP CSV.
894,ENG5,main_album,team,main_checklist,ENG,England,5,Player sticker,Player sticker,player,standard,global,TRUE,TRUE,False,Checklist Insider,https://www.checklistinsider.com/2026-panini-fifa-world-cup-sticker,Player names are not populated in this structural MVP CSV.
895,ENG6,main_album,team,main_checklist,ENG,England,6,Player sticker,Player sticker,player,standard,global,TRUE,TRUE,False,Checklist Insider,https://www.checklistinsider.com/2026-panini-fifa-world-cup-sticker,Player names are not populated in this structural MVP CSV.
896,ENG7,main_album,team,main_checklist,ENG,England,7,Player sticker,Player sticker,player,standard,global,TRUE,TRUE,False,Checklist Insider,https://www.checklistinsider.com/2026-panini-fifa-world-cup-sticker,Player names are not populated in this structural MVP CSV.
897,ENG8,main_album,team,main_checklist,ENG,England,8,Player sticker,Player sticker,player,standard,global,TRUE,TRUE,False,Checklist Insider,https://www.checklistinsider.com/2026-panini-fifa-world-cup-sticker,Player names are not populated in this structural MVP CSV.
898,ENG9,main_album,team,main_checklist,ENG,England,9,Player sticker,Player sticker,player,standard,global,TRUE,TRUE,False,Checklist Insider,https://www.checklistinsider.com/2026-panini-fifa-world-cup-sticker,Player names are not populated in this structural MVP CSV.
899,ENG10,main_album,team,main_checklist,ENG,England,10,Player sticker,Player sticker,player,standard,global,TRUE,TRUE,False,Checklist Insider,https://www.checklistinsider.com/2026-panini-fifa-world-cup-sticker,Player names are not populated in this structural MVP CSV.
900,ENG11,main_album,team,main_checklist,ENG,England,11,Player sticker,Player sticker,player,standard,global,TRUE,TRUE,False,Checklist Insider,https://www.checklistinsider.com/2026-panini-fifa-world-cup-sticker,Player names are not populated in this structural MVP CSV.
901,ENG12,main_album,team,main_checklist,ENG,England,12,Player sticker,Player sticker,player,standard,global,TRUE,TRUE,False,Checklist Insider,https://www.checklistinsider.com/2026-panini-fifa-world-cup-sticker,Player names are not populated in this structural MVP CSV.
902,ENG13,main_album,team,main_checklist,ENG,England,13,Team Photo,,team_photo,standard,global,TRUE,TRUE,False,Checklist Insider,https://www.checklistinsider.com/2026-panini-fifa-world-cup-sticker,Player names are not populated in this structural MVP CSV.
903,ENG14,main_album,team,main_checklist,ENG,England,14,Player sticker,Player sticker,player,standard,global,TRUE,TRUE,False,Checklist Insider,https://www.checklistinsider.com/2026-panini-fifa-world-cup-sticker,Player names are not populated in this structural MVP CSV.
904,ENG15,main_album,team,main_checklist,ENG,England,15,Player sticker,Player sticker,player,standard,global,TRUE,TRUE,False,Checklist Insider,https://www.checklistinsider.com/2026-panini-fifa-world-cup-sticker,Player names are not populated in this structural MVP CSV.
905,ENG16,main_album,team,main_checklist,ENG,England,16,Player sticker,Player sticker,player,standard,global,TRUE,TRUE,False,Checklist Insider,https://www.checklistinsider.com/2026-panini-fifa-world-cup-sticker,Player names are not populated in this structural MVP CSV.
906,ENG17,main_album,team,main_checklist,ENG,England,17,Player sticker,Player sticker,player,standard,global,TRUE,TRUE,False,Checklist Insider,https://www.checklistinsider.com/2026-panini-fifa-world-cup-sticker,Player names are not populated in this structural MVP CSV.
907,ENG18,main_album,team,main_checklist,ENG,England,18,Player sticker,Player sticker,player,standard,global,TRUE,TRUE,False,Checklist Insider,https://www.checklistinsider.com/2026-panini-fifa-world-cup-sticker,Player names are not populated in this structural MVP CSV.
908,ENG19,main_album,team,main_checklist,ENG,England,19,Player sticker,Player sticker,player,standard,global,TRUE,TRUE,False,Checklist Insider,https://www.checklistinsider.com/2026-panini-fifa-world-cup-sticker,Player names are not populated in this structural MVP CSV.
909,ENG20,main_album,team,main_checklist,ENG,England,20,Player sticker,Player sticker,player,standard,global,TRUE,TRUE,False,Checklist Insider,https://www.checklistinsider.com/2026-panini-fifa-world-cup-sticker,Player names are not populated in this structural MVP CSV.
910,CRO1,main_album,team,main_checklist,CRO,Croatia,1,Team Logo,,team_logo,standard,global,TRUE,TRUE,True,Checklist Insider,https://www.checklistinsider.com/2026-panini-fifa-world-cup-sticker,Player names are not populated in this structural MVP CSV.
911,CRO2,main_album,team,main_checklist,CRO,Croatia,2,Player sticker,Player sticker,player,standard,global,TRUE,TRUE,False,Checklist Insider,https://www.checklistinsider.com/2026-panini-fifa-world-cup-sticker,Player names are not populated in this structural MVP CSV.
912,CRO3,main_album,team,main_checklist,CRO,Croatia,3,Player sticker,Player sticker,player,standard,global,TRUE,TRUE,False,Checklist Insider,https://www.checklistinsider.com/2026-panini-fifa-world-cup-sticker,Player names are not populated in this structural MVP CSV.
913,CRO4,main_album,team,main_checklist,CRO,Croatia,4,Player sticker,Player sticker,player,standard,global,TRUE,TRUE,False,Checklist Insider,https://www.checklistinsider.com/2026-panini-fifa-world-cup-sticker,Player names are not populated in this structural MVP CSV.
914,CRO5,main_album,team,main_checklist,CRO,Croatia,5,Player sticker,Player sticker,player,standard,global,TRUE,TRUE,False,Checklist Insider,https://www.checklistinsider.com/2026-panini-fifa-world-cup-sticker,Player names are not populated in this structural MVP CSV.
915,CRO6,main_album,team,main_checklist,CRO,Croatia,6,Player sticker,Player sticker,player,standard,global,TRUE,TRUE,False,Checklist Insider,https://www.checklistinsider.com/2026-panini-fifa-world-cup-sticker,Player names are not populated in this structural MVP CSV.
916,CRO7,main_album,team,main_checklist,CRO,Croatia,7,Player sticker,Player sticker,player,standard,global,TRUE,TRUE,False,Checklist Insider,https://www.checklistinsider.com/2026-panini-fifa-world-cup-sticker,Player names are not populated in this structural MVP CSV.
917,CRO8,main_album,team,main_checklist,CRO,Croatia,8,Player sticker,Player sticker,player,standard,global,TRUE,TRUE,False,Checklist Insider,https://www.checklistinsider.com/2026-panini-fifa-world-cup-sticker,Player names are not populated in this structural MVP CSV.
918,CRO9,main_album,team,main_checklist,CRO,Croatia,9,Player sticker,Player sticker,player,standard,global,TRUE,TRUE,False,Checklist Insider,https://www.checklistinsider.com/2026-panini-fifa-world-cup-sticker,Player names are not populated in this structural MVP CSV.
919,CRO10,main_album,team,main_checklist,CRO,Croatia,10,Player sticker,Player sticker,player,standard,global,TRUE,TRUE,False,Checklist Insider,https://www.checklistinsider.com/2026-panini-fifa-world-cup-sticker,Player names are not populated in this structural MVP CSV.
920,CRO11,main_album,team,main_checklist,CRO,Croatia,11,Player sticker,Player sticker,player,standard,global,TRUE,TRUE,False,Checklist Insider,https://www.checklistinsider.com/2026-panini-fifa-world-cup-sticker,Player names are not populated in this structural MVP CSV.
921,CRO12,main_album,team,main_checklist,CRO,Croatia,12,Player sticker,Player sticker,player,standard,global,TRUE,TRUE,False,Checklist Insider,https://www.checklistinsider.com/2026-panini-fifa-world-cup-sticker,Player names are not populated in this structural MVP CSV.
922,CRO13,main_album,team,main_checklist,CRO,Croatia,13,Team Photo,,team_photo,standard,global,TRUE,TRUE,False,Checklist Insider,https://www.checklistinsider.com/2026-panini-fifa-world-cup-sticker,Player names are not populated in this structural MVP CSV.
923,CRO14,main_album,team,main_checklist,CRO,Croatia,14,Player sticker,Player sticker,player,standard,global,TRUE,TRUE,False,Checklist Insider,https://www.checklistinsider.com/2026-panini-fifa-world-cup-sticker,Player names are not populated in this structural MVP CSV.
924,CRO15,main_album,team,main_checklist,CRO,Croatia,15,Player sticker,Player sticker,player,standard,global,TRUE,TRUE,False,Checklist Insider,https://www.checklistinsider.com/2026-panini-fifa-world-cup-sticker,Player names are not populated in this structural MVP CSV.
925,CRO16,main_album,team,main_checklist,CRO,Croatia,16,Player sticker,Player sticker,player,standard,global,TRUE,TRUE,False,Checklist Insider,https://www.checklistinsider.com/2026-panini-fifa-world-cup-sticker,Player names are not populated in this structural MVP CSV.
926,CRO17,main_album,team,main_checklist,CRO,Croatia,17,Player sticker,Player sticker,player,standard,global,TRUE,TRUE,False,Checklist Insider,https://www.checklistinsider.com/2026-panini-fifa-world-cup-sticker,Player names are not populated in this structural MVP CSV.
927,CRO18,main_album,team,main_checklist,CRO,Croatia,18,Player sticker,Player sticker,player,standard,global,TRUE,TRUE,False,Checklist Insider,https://www.checklistinsider.com/2026-panini-fifa-world-cup-sticker,Player names are not populated in this structural MVP CSV.
928,CRO19,main_album,team,main_checklist,CRO,Croatia,19,Player sticker,Player sticker,player,standard,global,TRUE,TRUE,False,Checklist Insider,https://www.checklistinsider.com/2026-panini-fifa-world-cup-sticker,Player names are not populated in this structural MVP CSV.
929,CRO20,main_album,team,main_checklist,CRO,Croatia,20,Player sticker,Player sticker,player,standard,global,TRUE,TRUE,False,Checklist Insider,https://www.checklistinsider.com/2026-panini-fifa-world-cup-sticker,Player names are not populated in this structural MVP CSV.
930,GHA1,main_album,team,main_checklist,GHA,Ghana,1,Team Logo,,team_logo,standard,global,TRUE,TRUE,True,Checklist Insider,https://www.checklistinsider.com/2026-panini-fifa-world-cup-sticker,Player names are not populated in this structural MVP CSV.
931,GHA2,main_album,team,main_checklist,GHA,Ghana,2,Player sticker,Player sticker,player,standard,global,TRUE,TRUE,False,Checklist Insider,https://www.checklistinsider.com/2026-panini-fifa-world-cup-sticker,Player names are not populated in this structural MVP CSV.
932,GHA3,main_album,team,main_checklist,GHA,Ghana,3,Player sticker,Player sticker,player,standard,global,TRUE,TRUE,False,Checklist Insider,https://www.checklistinsider.com/2026-panini-fifa-world-cup-sticker,Player names are not populated in this structural MVP CSV.
933,GHA4,main_album,team,main_checklist,GHA,Ghana,4,Player sticker,Player sticker,player,standard,global,TRUE,TRUE,False,Checklist Insider,https://www.checklistinsider.com/2026-panini-fifa-world-cup-sticker,Player names are not populated in this structural MVP CSV.
934,GHA5,main_album,team,main_checklist,GHA,Ghana,5,Player sticker,Player sticker,player,standard,global,TRUE,TRUE,False,Checklist Insider,https://www.checklistinsider.com/2026-panini-fifa-world-cup-sticker,Player names are not populated in this structural MVP CSV.
935,GHA6,main_album,team,main_checklist,GHA,Ghana,6,Player sticker,Player sticker,player,standard,global,TRUE,TRUE,False,Checklist Insider,https://www.checklistinsider.com/2026-panini-fifa-world-cup-sticker,Player names are not populated in this structural MVP CSV.
936,GHA7,main_album,team,main_checklist,GHA,Ghana,7,Player sticker,Player sticker,player,standard,global,TRUE,TRUE,False,Checklist Insider,https://www.checklistinsider.com/2026-panini-fifa-world-cup-sticker,Player names are not populated in this structural MVP CSV.
937,GHA8,main_album,team,main_checklist,GHA,Ghana,8,Player sticker,Player sticker,player,standard,global,TRUE,TRUE,False,Checklist Insider,https://www.checklistinsider.com/2026-panini-fifa-world-cup-sticker,Player names are not populated in this structural MVP CSV.
938,GHA9,main_album,team,main_checklist,GHA,Ghana,9,Player sticker,Player sticker,player,standard,global,TRUE,TRUE,False,Checklist Insider,https://www.checklistinsider.com/2026-panini-fifa-world-cup-sticker,Player names are not populated in this structural MVP CSV.
939,GHA10,main_album,team,main_checklist,GHA,Ghana,10,Player sticker,Player sticker,player,standard,global,TRUE,TRUE,False,Checklist Insider,https://www.checklistinsider.com/2026-panini-fifa-world-cup-sticker,Player names are not populated in this structural MVP CSV.
940,GHA11,main_album,team,main_checklist,GHA,Ghana,11,Player sticker,Player sticker,player,standard,global,TRUE,TRUE,False,Checklist Insider,https://www.checklistinsider.com/2026-panini-fifa-world-cup-sticker,Player names are not populated in this structural MVP CSV.
941,GHA12,main_album,team,main_checklist,GHA,Ghana,12,Player sticker,Player sticker,player,standard,global,TRUE,TRUE,False,Checklist Insider,https://www.checklistinsider.com/2026-panini-fifa-world-cup-sticker,Player names are not populated in this structural MVP CSV.
942,GHA13,main_album,team,main_checklist,GHA,Ghana,13,Team Photo,,team_photo,standard,global,TRUE,TRUE,False,Checklist Insider,https://www.checklistinsider.com/2026-panini-fifa-world-cup-sticker,Player names are not populated in this structural MVP CSV.
943,GHA14,main_album,team,main_checklist,GHA,Ghana,14,Player sticker,Player sticker,player,standard,global,TRUE,TRUE,False,Checklist Insider,https://www.checklistinsider.com/2026-panini-fifa-world-cup-sticker,Player names are not populated in this structural MVP CSV.
944,GHA15,main_album,team,main_checklist,GHA,Ghana,15,Player sticker,Player sticker,player,standard,global,TRUE,TRUE,False,Checklist Insider,https://www.checklistinsider.com/2026-panini-fifa-world-cup-sticker,Player names are not populated in this structural MVP CSV.
945,GHA16,main_album,team,main_checklist,GHA,Ghana,16,Player sticker,Player sticker,player,standard,global,TRUE,TRUE,False,Checklist Insider,https://www.checklistinsider.com/2026-panini-fifa-world-cup-sticker,Player names are not populated in this structural MVP CSV.
946,GHA17,main_album,team,main_checklist,GHA,Ghana,17,Player sticker,Player sticker,player,standard,global,TRUE,TRUE,False,Checklist Insider,https://www.checklistinsider.com/2026-panini-fifa-world-cup-sticker,Player names are not populated in this structural MVP CSV.
947,GHA18,main_album,team,main_checklist,GHA,Ghana,18,Player sticker,Player sticker,player,standard,global,TRUE,TRUE,False,Checklist Insider,https://www.checklistinsider.com/2026-panini-fifa-world-cup-sticker,Player names are not populated in this structural MVP CSV.
948,GHA19,main_album,team,main_checklist,GHA,Ghana,19,Player sticker,Player sticker,player,standard,global,TRUE,TRUE,False,Checklist Insider,https://www.checklistinsider.com/2026-panini-fifa-world-cup-sticker,Player names are not populated in this structural MVP CSV.
949,GHA20,main_album,team,main_checklist,GHA,Ghana,20,Player sticker,Player sticker,player,standard,global,TRUE,TRUE,False,Checklist Insider,https://www.checklistinsider.com/2026-panini-fifa-world-cup-sticker,Player names are not populated in this structural MVP CSV.
950,PAN1,main_album,team,main_checklist,PAN,Panama,1,Team Logo,,team_logo,standard,global,TRUE,TRUE,True,Checklist Insider,https://www.checklistinsider.com/2026-panini-fifa-world-cup-sticker,Player names are not populated in this structural MVP CSV.
951,PAN2,main_album,team,main_checklist,PAN,Panama,2,Player sticker,Player sticker,player,standard,global,TRUE,TRUE,False,Checklist Insider,https://www.checklistinsider.com/2026-panini-fifa-world-cup-sticker,Player names are not populated in this structural MVP CSV.
952,PAN3,main_album,team,main_checklist,PAN,Panama,3,Player sticker,Player sticker,player,standard,global,TRUE,TRUE,False,Checklist Insider,https://www.checklistinsider.com/2026-panini-fifa-world-cup-sticker,Player names are not populated in this structural MVP CSV.
953,PAN4,main_album,team,main_checklist,PAN,Panama,4,Player sticker,Player sticker,player,standard,global,TRUE,TRUE,False,Checklist Insider,https://www.checklistinsider.com/2026-panini-fifa-world-cup-sticker,Player names are not populated in this structural MVP CSV.
954,PAN5,main_album,team,main_checklist,PAN,Panama,5,Player sticker,Player sticker,player,standard,global,TRUE,TRUE,False,Checklist Insider,https://www.checklistinsider.com/2026-panini-fifa-world-cup-sticker,Player names are not populated in this structural MVP CSV.
955,PAN6,main_album,team,main_checklist,PAN,Panama,6,Player sticker,Player sticker,player,standard,global,TRUE,TRUE,False,Checklist Insider,https://www.checklistinsider.com/2026-panini-fifa-world-cup-sticker,Player names are not populated in this structural MVP CSV.
956,PAN7,main_album,team,main_checklist,PAN,Panama,7,Player sticker,Player sticker,player,standard,global,TRUE,TRUE,False,Checklist Insider,https://www.checklistinsider.com/2026-panini-fifa-world-cup-sticker,Player names are not populated in this structural MVP CSV.
957,PAN8,main_album,team,main_checklist,PAN,Panama,8,Player sticker,Player sticker,player,standard,global,TRUE,TRUE,False,Checklist Insider,https://www.checklistinsider.com/2026-panini-fifa-world-cup-sticker,Player names are not populated in this structural MVP CSV.
958,PAN9,main_album,team,main_checklist,PAN,Panama,9,Player sticker,Player sticker,player,standard,global,TRUE,TRUE,False,Checklist Insider,https://www.checklistinsider.com/2026-panini-fifa-world-cup-sticker,Player names are not populated in this structural MVP CSV.
959,PAN10,main_album,team,main_checklist,PAN,Panama,10,Player sticker,Player sticker,player,standard,global,TRUE,TRUE,False,Checklist Insider,https://www.checklistinsider.com/2026-panini-fifa-world-cup-sticker,Player names are not populated in this structural MVP CSV.
960,PAN11,main_album,team,main_checklist,PAN,Panama,11,Player sticker,Player sticker,player,standard,global,TRUE,TRUE,False,Checklist Insider,https://www.checklistinsider.com/2026-panini-fifa-world-cup-sticker,Player names are not populated in this structural MVP CSV.
961,PAN12,main_album,team,main_checklist,PAN,Panama,12,Player sticker,Player sticker,player,standard,global,TRUE,TRUE,False,Checklist Insider,https://www.checklistinsider.com/2026-panini-fifa-world-cup-sticker,Player names are not populated in this structural MVP CSV.
962,PAN13,main_album,team,main_checklist,PAN,Panama,13,Team Photo,,team_photo,standard,global,TRUE,TRUE,False,Checklist Insider,https://www.checklistinsider.com/2026-panini-fifa-world-cup-sticker,Player names are not populated in this structural MVP CSV.
963,PAN14,main_album,team,main_checklist,PAN,Panama,14,Player sticker,Player sticker,player,standard,global,TRUE,TRUE,False,Checklist Insider,https://www.checklistinsider.com/2026-panini-fifa-world-cup-sticker,Player names are not populated in this structural MVP CSV.
964,PAN15,main_album,team,main_checklist,PAN,Panama,15,Player sticker,Player sticker,player,standard,global,TRUE,TRUE,False,Checklist Insider,https://www.checklistinsider.com/2026-panini-fifa-world-cup-sticker,Player names are not populated in this structural MVP CSV.
965,PAN16,main_album,team,main_checklist,PAN,Panama,16,Player sticker,Player sticker,player,standard,global,TRUE,TRUE,False,Checklist Insider,https://www.checklistinsider.com/2026-panini-fifa-world-cup-sticker,Player names are not populated in this structural MVP CSV.
966,PAN17,main_album,team,main_checklist,PAN,Panama,17,Player sticker,Player sticker,player,standard,global,TRUE,TRUE,False,Checklist Insider,https://www.checklistinsider.com/2026-panini-fifa-world-cup-sticker,Player names are not populated in this structural MVP CSV.
967,PAN18,main_album,team,main_checklist,PAN,Panama,18,Player sticker,Player sticker,player,standard,global,TRUE,TRUE,False,Checklist Insider,https://www.checklistinsider.com/2026-panini-fifa-world-cup-sticker,Player names are not populated in this structural MVP CSV.
968,PAN19,main_album,team,main_checklist,PAN,Panama,19,Player sticker,Player sticker,player,standard,global,TRUE,TRUE,False,Checklist Insider,https://www.checklistinsider.com/2026-panini-fifa-world-cup-sticker,Player names are not populated in this structural MVP CSV.
969,PAN20,main_album,team,main_checklist,PAN,Panama,20,Player sticker,Player sticker,player,standard,global,TRUE,TRUE,False,Checklist Insider,https://www.checklistinsider.com/2026-panini-fifa-world-cup-sticker,Player names are not populated in this structural MVP CSV.
970,FWC9,main_album,fifa_world_cup_foil,main_checklist,FWC,,9,Italy 1934 - FIFA Museum,,fifa_museum,standard,global,TRUE,TRUE,True,Checklist Insider,https://www.checklistinsider.com/2026-panini-fifa-world-cup-sticker,Main album row based on Checklist Insider structure.
971,FWC10,main_album,fifa_world_cup_foil,main_checklist,FWC,,10,Uruguay 1950 - FIFA Museum,,fifa_museum,standard,global,TRUE,TRUE,True,Checklist Insider,https://www.checklistinsider.com/2026-panini-fifa-world-cup-sticker,Main album row based on Checklist Insider structure.
972,FWC11,main_album,fifa_world_cup_foil,main_checklist,FWC,,11,West Germany 1954 - FIFA Museum,,fifa_museum,standard,global,TRUE,TRUE,True,Checklist Insider,https://www.checklistinsider.com/2026-panini-fifa-world-cup-sticker,Main album row based on Checklist Insider structure.
973,FWC12,main_album,fifa_world_cup_foil,main_checklist,FWC,,12,Brazil 1962 - FIFA Museum,,fifa_museum,standard,global,TRUE,TRUE,True,Checklist Insider,https://www.checklistinsider.com/2026-panini-fifa-world-cup-sticker,Main album row based on Checklist Insider structure.
974,FWC13,main_album,fifa_world_cup_foil,main_checklist,FWC,,13,West Germany 1974 - FIFA Museum,,fifa_museum,standard,global,TRUE,TRUE,True,Checklist Insider,https://www.checklistinsider.com/2026-panini-fifa-world-cup-sticker,Main album row based on Checklist Insider structure.
975,FWC14,main_album,fifa_world_cup_foil,main_checklist,FWC,,14,Argentina 1986 - FIFA Museum,,fifa_museum,standard,global,TRUE,TRUE,True,Checklist Insider,https://www.checklistinsider.com/2026-panini-fifa-world-cup-sticker,Main album row based on Checklist Insider structure.
976,FWC15,main_album,fifa_world_cup_foil,main_checklist,FWC,,15,Brazil 1994 - FIFA Museum,,fifa_museum,standard,global,TRUE,TRUE,True,Checklist Insider,https://www.checklistinsider.com/2026-panini-fifa-world-cup-sticker,Main album row based on Checklist Insider structure.
977,FWC16,main_album,fifa_world_cup_foil,main_checklist,FWC,,16,Brazil 2002 - FIFA Museum,,fifa_museum,standard,global,TRUE,TRUE,True,Checklist Insider,https://www.checklistinsider.com/2026-panini-fifa-world-cup-sticker,Main album row based on Checklist Insider structure.
978,FWC17,main_album,fifa_world_cup_foil,main_checklist,FWC,,17,Italy 2006 - FIFA Museum,,fifa_museum,standard,global,TRUE,TRUE,True,Checklist Insider,https://www.checklistinsider.com/2026-panini-fifa-world-cup-sticker,Main album row based on Checklist Insider structure.
979,FWC18,main_album,fifa_world_cup_foil,main_checklist,FWC,,18,Germany 2014 - FIFA Museum,,fifa_museum,standard,global,TRUE,TRUE,True,Checklist Insider,https://www.checklistinsider.com/2026-panini-fifa-world-cup-sticker,Main album row based on Checklist Insider structure.
980,FWC19,main_album,fifa_world_cup_foil,main_checklist,FWC,,19,Argentina 2022 - FIFA Museum,,fifa_museum,standard,global,TRUE,TRUE,True,Checklist Insider,https://www.checklistinsider.com/2026-panini-fifa-world-cup-sticker,Main album row based on Checklist Insider structure.
981,CC01,coca_cola_special,coca_cola,coca_cola_latin_america_brazil,ESP,Spain,1,Lamine Yamal - Coca-Cola Special Sticker,Lamine Yamal,coca_cola_player,standard,Latin America/Brazil,FALSE,TRUE,FALSE,Coca-Cola Brasil / prior checklist cross-check,https://www.coca-cola.com/br/pt/offerings/copa-do-mundo-da-fifa-2026/panini/jogadores,"Coca-Cola special sticker for Brazil/Latin America; optional insert, not part of the 980 main album."
982,CC02,coca_cola_special,coca_cola,coca_cola_latin_america_brazil,GER,Germany,2,Joshua Kimmich - Coca-Cola Special Sticker,Joshua Kimmich,coca_cola_player,standard,Latin America/Brazil,FALSE,TRUE,FALSE,Coca-Cola Brasil / prior checklist cross-check,https://www.coca-cola.com/br/pt/offerings/copa-do-mundo-da-fifa-2026/panini/jogadores,"Coca-Cola special sticker for Brazil/Latin America; optional insert, not part of the 980 main album."
983,CC03,coca_cola_special,coca_cola,coca_cola_latin_america_brazil,ENG,England,3,Harry Kane - Coca-Cola Special Sticker,Harry Kane,coca_cola_player,standard,Latin America/Brazil,FALSE,TRUE,FALSE,Coca-Cola Brasil / prior checklist cross-check,https://www.coca-cola.com/br/pt/offerings/copa-do-mundo-da-fifa-2026/panini/jogadores,"Coca-Cola special sticker for Brazil/Latin America; optional insert, not part of the 980 main album."
984,CC04,coca_cola_special,coca_cola,coca_cola_latin_america_brazil,MEX,Mexico,4,Santiago Giménez - Coca-Cola Special Sticker,Santiago Giménez,coca_cola_player,standard,Latin America/Brazil,FALSE,TRUE,FALSE,Coca-Cola Brasil / prior checklist cross-check,https://www.coca-cola.com/br/pt/offerings/copa-do-mundo-da-fifa-2026/panini/jogadores,"Coca-Cola special sticker for Brazil/Latin America; optional insert, not part of the 980 main album."
985,CC05,coca_cola_special,coca_cola,coca_cola_latin_america_brazil,CRO,Croatia,5,Joško Gvardiol - Coca-Cola Special Sticker,Joško Gvardiol,coca_cola_player,standard,Latin America/Brazil,FALSE,TRUE,FALSE,Coca-Cola Brasil / prior checklist cross-check,https://www.coca-cola.com/br/pt/offerings/copa-do-mundo-da-fifa-2026/panini/jogadores,"Coca-Cola special sticker for Brazil/Latin America; optional insert, not part of the 980 main album."
986,CC06,coca_cola_special,coca_cola,coca_cola_latin_america_brazil,URU,Uruguay,6,Federico Valverde - Coca-Cola Special Sticker,Federico Valverde,coca_cola_player,standard,Latin America/Brazil,FALSE,TRUE,FALSE,Coca-Cola Brasil / prior checklist cross-check,https://www.coca-cola.com/br/pt/offerings/copa-do-mundo-da-fifa-2026/panini/jogadores,"Coca-Cola special sticker for Brazil/Latin America; optional insert, not part of the 980 main album."
987,CC07,coca_cola_special,coca_cola,coca_cola_latin_america_brazil,COL,Colombia,7,Jefferson Lerma - Coca-Cola Special Sticker,Jefferson Lerma,coca_cola_player,standard,Latin America/Brazil,FALSE,TRUE,FALSE,Coca-Cola Brasil / prior checklist cross-check,https://www.coca-cola.com/br/pt/offerings/copa-do-mundo-da-fifa-2026/panini/jogadores,"Coca-Cola special sticker for Brazil/Latin America; optional insert, not part of the 980 main album."
988,CC08,coca_cola_special,coca_cola,coca_cola_latin_america_brazil,ECU,Ecuador,8,Enner Valencia - Coca-Cola Special Sticker,Enner Valencia,coca_cola_player,standard,Latin America/Brazil,FALSE,TRUE,FALSE,Coca-Cola Brasil / prior checklist cross-check,https://www.coca-cola.com/br/pt/offerings/copa-do-mundo-da-fifa-2026/panini/jogadores,"Coca-Cola special sticker for Brazil/Latin America; optional insert, not part of the 980 main album."
989,CC09,coca_cola_special,coca_cola,coca_cola_latin_america_brazil,BRA,Brazil,9,Gabriel Magalhães - Coca-Cola Special Sticker,Gabriel Magalhães,coca_cola_player,standard,Latin America/Brazil,FALSE,TRUE,FALSE,Coca-Cola Brasil / prior checklist cross-check,https://www.coca-cola.com/br/pt/offerings/copa-do-mundo-da-fifa-2026/panini/jogadores,"Coca-Cola special sticker for Brazil/Latin America; optional insert, not part of the 980 main album."
990,CC10,coca_cola_special,coca_cola,coca_cola_latin_america_brazil,NED,Netherlands,10,Virgil van Dijk - Coca-Cola Special Sticker,Virgil van Dijk,coca_cola_player,standard,Latin America/Brazil,FALSE,TRUE,FALSE,Coca-Cola Brasil / prior checklist cross-check,https://www.coca-cola.com/br/pt/offerings/copa-do-mundo-da-fifa-2026/panini/jogadores,"Coca-Cola special sticker for Brazil/Latin America; optional insert, not part of the 980 main album."
991,CC11,coca_cola_special,coca_cola,coca_cola_latin_america_brazil,CAN,Canada,11,Alphonso Davies - Coca-Cola Special Sticker,Alphonso Davies,coca_cola_player,standard,Latin America/Brazil,FALSE,TRUE,FALSE,Coca-Cola Brasil / prior checklist cross-check,https://www.coca-cola.com/br/pt/offerings/copa-do-mundo-da-fifa-2026/panini/jogadores,"Coca-Cola special sticker for Brazil/Latin America; optional insert, not part of the 980 main album."
992,CC12,coca_cola_special,coca_cola,coca_cola_latin_america_brazil,ARG,Argentina,12,Emiliano Martínez - Coca-Cola Special Sticker,Emiliano Martínez,coca_cola_player,standard,Latin America/Brazil,FALSE,TRUE,FALSE,Coca-Cola Brasil / prior checklist cross-check,https://www.coca-cola.com/br/pt/offerings/copa-do-mundo-da-fifa-2026/panini/jogadores,"Coca-Cola special sticker for Brazil/Latin America; optional insert, not part of the 980 main album."
993,CC13,coca_cola_special,coca_cola,coca_cola_latin_america_brazil,MEX,Mexico,13,Raúl Jiménez - Coca-Cola Special Sticker,Raúl Jiménez,coca_cola_player,standard,Latin America/Brazil,FALSE,TRUE,FALSE,Coca-Cola Brasil / prior checklist cross-check,https://www.coca-cola.com/br/pt/offerings/copa-do-mundo-da-fifa-2026/panini/jogadores,"Coca-Cola special sticker for Brazil/Latin America; optional insert, not part of the 980 main album."
994,CC14,coca_cola_special,coca_cola,coca_cola_latin_america_brazil,ARG,Argentina,14,Lautaro Martínez - Coca-Cola Special Sticker,Lautaro Martínez,coca_cola_player,standard,Latin America/Brazil,FALSE,TRUE,FALSE,Coca-Cola Brasil / prior checklist cross-check,https://www.coca-cola.com/br/pt/offerings/copa-do-mundo-da-fifa-2026/panini/jogadores,"Coca-Cola special sticker for Brazil/Latin America; optional insert, not part of the 980 main album."
